Região Geográfica Intermediária,Nome Região Geográfica Intermediária,Região Geográfica Imediata,Nome Região Geográfica Imediata,Janeiro 2021,Fevereiro 2021,Marco 2021,Abril 2021,Maio 2021,Junho 2021,Julho 2021,Agosto 2021,Setembro 2021,Outubro 2021,Novembro 2021,Dezembro 2021,Total,municipios,cod_ibge,reg_administrativa,reg_metropolitanas,Verificado
3506,Araçatuba,350023,Birigui - Penápolis,0,1,1,1,1,1,0,1,0,3,0,2,11,Alto Alegre,3501103,RA de Araçatuba,Demais municípios,True
3506,Araçatuba,350024,Andradina,54,50,63,72,71,78,56,66,52,63,63,67,755,Andradina,3502101,RA de Araçatuba,Demais municípios,True
3506,Araçatuba,350022,Araçatuba,193,201,195,151,149,185,155,168,173,174,204,258,2206,Araçatuba,3502804,RA de Araçatuba,Demais municípios,True
3506,Araçatuba,350022,Araçatuba,8,6,20,19,7,10,11,5,7,3,10,6,112,Auriflama,3504206,RA de Araçatuba,Demais municípios,True
3506,Araçatuba,350023,Birigui - Penápolis,4,9,8,3,3,11,4,9,4,6,4,2,67,Avanhandava,3504404,RA de Araçatuba,Demais municípios,True
3506,Araçatuba,350023,Birigui - Penápolis,4,2,11,5,3,6,4,8,4,4,5,10,66,Barbosa,3505104,RA de Araçatuba,Demais municípios,True
3506,Araçatuba,350022,Araçatuba,1,3,0,4,1,1,0,2,4,2,4,1,23,Bento de Abreu,3506201,RA de Araçatuba,Demais municípios,True
3506,Araçatuba,350023,Birigui - Penápolis,0,0,2,2,3,4,4,4,6,1,1,3,30,Bilac,3506409,RA de Araçatuba,Demais municípios,True
3506,Araçatuba,350023,Birigui - Penápolis,136,132,101,103,136,129,106,113,116,115,91,93,1371,Birigui,3506508,RA de Araçatuba,Demais municípios,True
3506,Araçatuba,350023,Birigui - Penápolis,1,1,2,2,4,1,7,3,7,3,4,7,42,Braúna,3507704,RA de Araçatuba,Demais municípios,True
3506,Araçatuba,350023,Birigui - Penápolis,1,3,1,1,1,2,3,0,2,1,2,0,17,Brejo Alegre,3507753,RA de Araçatuba,Demais municípios,True
3506,Araçatuba,350023,Birigui - Penápolis,16,22,24,23,20,10,13,10,11,11,23,22,205,Buritama,3508108,RA de Araçatuba,Demais municípios,True
3506,Araçatuba,350024,Andradina,14,8,16,20,25,20,27,14,8,10,17,20,199,Castilho,3511003,RA de Araçatuba,Demais municípios,True
3506,Araçatuba,350023,Birigui - Penápolis,4,4,4,7,3,7,2,6,5,4,2,5,53,Clementina,3511904,RA de Araçatuba,Demais municípios,True
3506,Araçatuba,350023,Birigui - Penápolis,1,3,2,5,4,10,5,0,3,3,3,4,43,Coroados,3512506,RA de Araçatuba,Demais municípios,True
3506,Araçatuba,350023,Birigui - Penápolis,0,1,1,1,1,3,3,1,3,0,2,2,18,Gabriel Monteiro,3516507,RA de Araçatuba,Demais municípios,True
3506,Araçatuba,350022,Araçatuba,0,3,3,3,1,2,1,2,5,1,4,0,25,Gastão Vidigal,3516804,RA de Araçatuba,Demais municípios,True
3506,Araçatuba,350022,Araçatuba,10,11,5,7,14,14,3,12,15,12,4,9,116,General Salgado,3516903,RA de Araçatuba,Demais municípios,True
3506,Araçatuba,350023,Birigui - Penápolis,4,7,5,3,5,5,8,8,11,8,7,2,73,Glicério,3517109,RA de Araçatuba,Demais municípios,True
3506,Araçatuba,350022,Araçatuba,23,27,17,9,14,17,13,13,20,11,21,18,203,Guararapes,3518206,RA de Araçatuba,Demais municípios,True
3506,Araçatuba,350024,Andradina,3,5,4,4,9,3,4,5,3,5,4,3,52,Guaraçaí,3517802,RA de Araçatuba,Demais municípios,True
3506,Araçatuba,350022,Araçatuba,3,5,6,5,4,6,3,5,3,4,2,2,48,Guzolândia,3518909,RA de Araçatuba,Demais municípios,True
3506,Araçatuba,350024,Andradina,17,19,16,30,21,24,25,26,24,19,17,30,268,Ilha Solteira,3520442,RA de Araçatuba,Demais municípios,True
3506,Araçatuba,350024,Andradina,3,6,0,6,6,2,3,2,4,2,4,2,40,Itapura,3523008,RA de Araçatuba,Demais municípios,True
3506,Araçatuba,350024,Andradina,6,3,2,3,5,4,3,1,3,1,6,6,43,Lavínia,3526506,RA de Araçatuba,Demais municípios,True
3506,Araçatuba,350023,Birigui - Penápolis,0,0,0,2,0,1,1,1,0,0,0,1,6,Lourdes,3527256,RA de Araçatuba,Demais municípios,True
3506,Araçatuba,350023,Birigui - Penápolis,0,1,1,1,0,1,1,0,0,1,2,2,10,Luiziânia,3527702,RA de Araçatuba,Demais municípios,True
3506,Araçatuba,350024,Andradina,12,9,6,3,19,1,20,8,13,19,17,18,145,Mirandópolis,3530102,RA de Araçatuba,Demais municípios,True
3506,Araçatuba,350024,Andradina,2,8,2,2,2,5,1,3,4,0,5,0,34,Murutinga do Sul,3532108,RA de Araçatuba,Demais municípios,True
3506,Araçatuba,350022,Araçatuba,3,1,1,0,3,1,1,2,2,0,0,0,14,Nova Castilho,3532868,RA de Araçatuba,Demais municípios,True
3506,Araçatuba,350024,Andradina,1,1,5,1,0,0,2,1,1,3,0,1,16,Nova Independência,3533205,RA de Araçatuba,Demais municípios,True
3506,Araçatuba,350022,Araçatuba,0,2,0,1,1,1,3,0,1,1,2,0,12,Nova Luzitânia,3533304,RA de Araçatuba,Demais municípios,True
3506,Araçatuba,350023,Birigui - Penápolis,57,47,48,35,44,46,38,24,47,40,32,46,504,Penápolis,3537305,RA de Araçatuba,Demais municípios,True
3506,Araçatuba,350024,Andradina,13,15,13,17,19,22,11,25,27,8,19,20,209,Pereira Barreto,3537404,RA de Araçatuba,Demais municípios,True
3506,Araçatuba,350023,Birigui - Penápolis,0,2,2,4,1,2,2,2,3,1,5,4,28,Piacatu,3537701,RA de Araçatuba,Demais municípios,True
3506,Araçatuba,350022,Araçatuba,1,3,0,1,0,0,7,0,1,0,0,0,13,Rubiácea,3544400,RA de Araçatuba,Demais municípios,True
3506,Araçatuba,350022,Araçatuba,5,7,7,6,5,2,9,9,6,8,6,7,77,Santo Antônio do Aracanguá,3548054,RA de Araçatuba,Demais municípios,True
3506,Araçatuba,350023,Birigui - Penápolis,1,4,1,3,0,2,3,5,2,2,12,6,41,Santópolis do Aguapeí,3548401,RA de Araçatuba,Demais municípios,True
3506,Araçatuba,350024,Andradina,3,4,9,3,2,7,0,4,0,4,11,6,53,Sud Mennucci,3552304,RA de Araçatuba,Demais municípios,True
3507,São José do Rio Preto,350028,Jales,0,0,1,0,0,2,6,6,2,7,1,4,29,Suzanápolis,3552551,RA de Araçatuba,Demais municípios,True
3507,São José do Rio Preto,350029,Fernandópolis,0,0,2,0,0,0,2,0,0,0,1,0,5,São João de Iracema,3549250,RA de Araçatuba,Demais municípios,True
3506,Araçatuba,350023,Birigui - Penápolis,0,2,1,4,1,1,3,3,8,0,0,1,24,Turiúba,3555208,RA de Araçatuba,Demais municípios,True
3506,Araçatuba,350022,Araçatuba,8,7,7,12,8,6,13,18,16,16,15,19,145,Valparaíso,3556305,RA de Araçatuba,Demais municípios,True
3503,Bauru,350009,Bauru,19,42,27,38,30,18,35,24,24,27,28,32,344,Agudos,3500709,RA de Bauru,Demais municípios,True
3504,Marília,350013,Marília,1,0,1,0,0,0,2,2,3,1,2,3,15,Alvinlândia,3501509,RA de Marília,Demais municípios,True
3504,Marília,350016,Tupã,0,1,2,0,1,1,1,4,1,2,1,1,15,Arco-Íris,3503356,RA de Marília,Demais municípios,True
3503,Bauru,350009,Bauru,9,10,9,9,9,1,4,10,13,15,9,10,108,Arealva,3503406,RA de Bauru,Demais municípios,True
3503,Bauru,350009,Bauru,5,2,4,3,7,3,1,3,6,2,5,2,43,Avaí,3504305,RA de Bauru,Demais municípios,True
3503,Bauru,350009,Bauru,0,0,1,1,0,0,0,0,0,1,0,2,5,Balbinos,3504701,RA de Bauru,Demais municípios,True
3503,Bauru,350010,Jaú,20,20,29,40,24,46,46,28,17,25,42,26,363,Bariri,3505203,RA de Bauru,Demais municípios,True
3503,Bauru,350010,Jaú,16,16,20,37,27,14,19,16,27,21,19,30,262,Barra Bonita,3505302,RA de Bauru,Demais municípios,True
3504,Marília,350016,Tupã,13,16,10,13,15,10,14,14,13,12,7,15,152,Bastos,3505807,RA de Marília,Demais municípios,True
3503,Bauru,350009,Bauru,230,292,208,229,261,313,330,337,290,382,499,382,3753,Bauru,3506003,RA de Bauru,Demais municípios,True
3504,Marília,350015,Ourinhos,5,7,5,10,5,6,6,11,6,9,8,8,86,Bernardino de Campos,3506300,RA de Marília,Demais municípios,True
3503,Bauru,350010,Jaú,6,7,9,8,11,11,5,5,5,5,4,7,83,Bocaina,3506805,RA de Bauru,Demais municípios,True
3503,Bauru,350010,Jaú,3,1,1,5,3,2,5,4,5,8,6,4,47,Boracéia,3507308,RA de Bauru,Demais municípios,True
3503,Bauru,350009,Bauru,3,3,2,6,2,3,1,1,0,1,4,4,30,Borebi,3507456,RA de Bauru,Demais municípios,True
3504,Marília,350014,Assis,1,0,0,0,1,1,2,0,0,0,0,0,5,Borá,3507209,RA de Marília,Demais municípios,True
3503,Bauru,350009,Bauru,3,4,4,7,4,9,3,4,2,3,6,3,52,Cabrália Paulista,3508306,RA de Bauru,Demais municípios,True
3503,Bauru,350012,Lins,8,11,19,11,8,18,21,15,12,17,7,10,157,Cafelândia,3508801,RA de Bauru,Demais municípios,True
3504,Marília,350015,Ourinhos,6,0,2,5,3,2,3,4,3,1,6,1,36,Canitar,3510153,RA de Marília,Demais municípios,True
3504,Marília,350015,Ourinhos,5,10,4,4,7,6,7,11,19,10,22,30,135,Chavantes,3557204,RA de Marília,Demais municípios,True
3503,Bauru,350010,Jaú,29,21,20,20,17,21,26,25,25,23,16,29,272,Dois Córregos,3514106,RA de Bauru,Demais municípios,True
3503,Bauru,350009,Bauru,10,8,13,10,10,12,4,3,14,7,13,10,114,Duartina,3514502,RA de Bauru,Demais municípios,True
3504,Marília,350013,Marília,0,1,0,2,3,1,4,4,1,1,0,2,19,Echaporã,3514700,RA de Marília,Demais municípios,True
3504,Marília,350015,Ourinhos,3,3,2,4,3,2,3,10,1,6,6,3,46,Espírito Santo do Turvo,3515194,RA de Marília,Demais municípios,True
3504,Marília,350013,Marília,2,1,1,2,3,3,2,1,1,2,1,2,21,Fernão,3515657,RA de Marília,Demais municípios,True
3504,Marília,350013,Marília,51,32,53,35,40,46,43,54,23,47,64,53,541,Garça,3516705,RA de Marília,Demais municípios,True
3504,Marília,350013,Marília,3,7,3,8,5,5,4,5,14,6,9,11,80,Getulina,3517000,RA de Bauru,Demais municípios,True
3504,Marília,350013,Marília,2,4,7,4,9,6,6,1,8,5,2,5,59,Guaimbê,3517307,RA de Bauru,Demais municípios,True
3503,Bauru,350012,Lins,15,9,15,14,14,11,6,13,10,11,11,13,142,Guaiçara,3517208,RA de Bauru,Demais municípios,True
3503,Bauru,350012,Lins,5,4,7,3,10,12,11,13,8,8,4,10,95,Guarantã,3518107,RA de Bauru,Demais municípios,True
3504,Marília,350013,Marília,7,5,10,9,3,4,5,6,9,11,10,5,84,Gália,3516606,RA de Marília,Demais municípios,True
3504,Marília,350016,Tupã,3,8,2,3,5,12,6,5,8,5,6,8,71,Herculândia,3519006,RA de Marília,Demais municípios,True
3503,Bauru,350009,Bauru,10,6,11,8,10,6,8,20,7,9,12,16,123,Iacanga,3519105,RA de Bauru,Demais municípios,True
3504,Marília,350016,Tupã,1,4,2,5,4,5,4,7,4,1,2,3,42,Iacri,3519204,RA de Marília,Demais municípios,True
3503,Bauru,350010,Jaú,10,7,11,13,13,11,14,13,9,8,10,9,128,Igaraçu do Tietê,3520004,RA de Bauru,Demais municípios,True
3504,Marília,350015,Ourinhos,4,6,3,7,6,4,6,11,5,11,16,13,92,Ipaussu,3520905,RA de Marília,Demais municípios,True
3503,Bauru,350010,Jaú,1,3,0,5,0,0,7,3,1,3,0,2,25,Itaju,3522000,RA de Bauru,Demais municípios,True
3503,Bauru,350010,Jaú,9,3,6,10,7,14,7,12,9,11,8,5,101,Itapuí,3522901,RA de Bauru,Demais municípios,True
3503,Bauru,350010,Jaú,139,83,110,109,83,89,118,113,86,93,113,80,1216,Jaú,3525300,RA de Bauru,Demais municípios,True
3504,Marília,350013,Marília,0,1,1,3,2,2,2,3,1,3,1,3,22,Júlio Mesquita,3525805,RA de Marília,Demais municípios,True
3503,Bauru,350009,Bauru,37,49,65,52,58,45,60,70,49,45,42,27,599,Lençóis Paulista,3526803,RA de Bauru,Demais municípios,True
3503,Bauru,350012,Lins,84,88,91,91,77,77,70,80,108,130,111,146,1153,Lins,3527108,RA de Bauru,Demais municípios,True
3503,Bauru,350009,Bauru,0,1,2,1,4,0,1,0,0,3,0,0,12,Lucianópolis,3527504,RA de Bauru,Demais municípios,True
3504,Marília,350013,Marília,0,1,5,2,2,0,3,2,3,0,0,1,19,Lupércio,3527801,RA de Marília,Demais municípios,True
3503,Bauru,350009,Bauru,5,4,4,12,6,5,5,12,6,6,10,8,83,Macatuba,3528007,RA de Bauru,Demais municípios,True
3504,Marília,350013,Marília,188,170,169,159,148,202,228,174,204,228,201,226,2297,Marília,3529005,RA de Marília,Demais municípios,True
3503,Bauru,350010,Jaú,8,9,8,9,10,6,4,6,7,16,9,6,98,Mineiros do Tietê,3529807,RA de Bauru,Demais municípios,True
3504,Marília,350013,Marília,2,1,0,2,2,2,4,1,1,5,2,3,25,Ocauçu,3533700,RA de Marília,Demais municípios,True
3504,Marília,350013,Marília,3,3,0,2,5,6,4,3,5,4,7,3,45,Oriente,3534104,RA de Marília,Demais municípios,True
3504,Marília,350013,Marília,1,0,0,1,1,0,0,1,0,2,3,4,13,Oscar Bressane,3534500,RA de Marília,Demais municípios,True
3504,Marília,350015,Ourinhos,66,54,51,69,89,85,86,63,67,90,98,56,874,Ourinhos,3534708,RA de Marília,Demais municípios,True
3504,Marília,350016,Tupã,10,6,3,3,5,17,12,7,12,6,5,8,94,Parapuã,3536000,RA de Marília,Demais municípios,True
3503,Bauru,350009,Bauru,0,0,1,3,3,1,3,1,1,3,3,1,20,Paulistânia,3536570,RA de Bauru,Demais municípios,True
3503,Bauru,350009,Bauru,42,44,36,36,30,37,42,45,37,30,38,25,442,Pederneiras,3536703,RA de Bauru,Demais municípios,True
3503,Bauru,350009,Bauru,11,6,17,17,6,22,12,12,12,17,9,5,146,Pirajuí,3538907,RA de Bauru,Demais municípios,True
3503,Bauru,350009,Bauru,12,9,12,11,13,16,7,10,12,17,29,20,168,Piratininga,3539400,RA de Bauru,Demais municípios,True
3504,Marília,350013,Marília,6,4,7,4,8,12,12,6,8,8,17,14,106,Pompéia,3540002,RA de Marília,Demais municípios,True
3503,Bauru,350012,Lins,3,0,1,2,1,4,1,1,3,1,5,1,23,Pongaí,3540101,RA de Bauru,Demais municípios,True
3503,Bauru,350009,Bauru,1,1,1,0,3,6,2,1,2,0,5,1,23,Presidente Alves,3541109,RA de Bauru,Demais municípios,True
3503,Bauru,350012,Lins,45,39,20,22,35,64,56,62,52,17,45,33,490,Promissão,3541604,RA de Bauru,Demais municípios,True
3505,Presidente Prudente,350018,Presidente Prudente,12,8,4,6,6,5,4,13,7,3,6,12,86,Quatá,3541703,RA de Marília,Demais municípios,True
3504,Marília,350016,Tupã,2,1,0,0,3,1,1,2,0,2,4,4,20,Queiroz,3541802,RA de Marília,Demais municípios,True
3504,Marília,350013,Marília,1,2,2,1,1,1,5,3,4,1,4,2,27,Quintana,3542008,RA de Marília,Demais municípios,True
3503,Bauru,350009,Bauru,0,4,2,2,0,1,2,5,5,0,1,0,22,Reginópolis,3542503,RA de Bauru,Demais municípios,True
3504,Marília,350015,Ourinhos,1,2,4,3,0,2,2,5,1,0,6,3,29,Ribeirão do Sul,3543204,RA de Marília,Demais municípios,True
3504,Marília,350016,Tupã,2,4,13,4,1,3,3,4,2,2,4,3,45,Rinópolis,3543808,RA de Marília,Demais municípios,True
3503,Bauru,350012,Lins,7,8,8,9,6,7,8,10,15,9,6,6,99,Sabino,3544608,RA de Bauru,Demais municípios,True
3504,Marília,350015,Ourinhos,4,10,9,3,10,15,7,21,10,11,4,9,113,Salto Grande,3545407,RA de Marília,Demais municípios,True
3504,Marília,350015,Ourinhos,21,31,25,26,25,35,35,34,33,41,43,48,397,Santa Cruz do Rio Pardo,3546405,RA de Marília,Demais municípios,True
3504,Marília,350015,Ourinhos,3,7,1,5,5,4,2,4,5,2,2,8,48,São Pedro do Turvo,3550506,RA de Marília,Demais municípios,True
3504,Marília,350017,Piraju,1,1,2,1,2,2,0,0,3,0,3,0,15,Timburi,3554607,RA de Marília,Demais municípios,True
3504,Marília,350016,Tupã,30,29,26,30,37,36,49,45,39,43,48,67,479,Tupã,3555000,RA de Marília,Demais municípios,True
3503,Bauru,350009,Bauru,1,7,4,4,4,2,3,3,3,3,2,4,40,Ubirajara,3555505,RA de Bauru,Demais municípios,True
3503,Bauru,350012,Lins,1,0,0,1,1,0,0,1,0,0,1,1,6,Uru,3555901,RA de Bauru,Demais municípios,True
3504,Marília,350013,Marília,2,8,2,1,2,5,12,2,7,11,9,21,82,Vera Cruz,3556602,RA de Marília,Demais municípios,True
3504,Marília,350013,Marília,0,3,1,3,4,4,2,2,5,4,4,7,39,Álvaro de Carvalho,3501400,RA de Marília,Demais municípios,True
3502,Sorocaba,350007,Avaré,1,3,4,0,1,2,2,0,1,0,1,1,16,Óleo,3533809,RA de Marília,Demais municípios,True
3510,Campinas,350048,Amparo,30,25,16,31,48,32,30,27,26,27,23,19,334,Amparo,3501905,RA de Campinas,Demais municípios,True
3510,Campinas,350041,Bragança Paulista,83,92,93,107,102,100,103,92,137,109,115,113,1246,Atibaia,3504107,RA de Campinas,Demais municípios,True
3510,Campinas,350041,Bragança Paulista,13,9,5,6,5,6,7,10,11,17,19,18,126,Bom Jesus dos Perdões,3507100,RA de Campinas,Demais municípios,True
3510,Campinas,350041,Bragança Paulista,112,107,108,115,106,115,101,95,86,116,117,115,1293,Bragança Paulista,3507605,RA de Campinas,Demais municípios,True
3510,Campinas,350039,Jundiaí,23,16,18,12,17,27,33,30,30,28,11,24,269,Cabreúva,3508405,RA de Campinas,RM de Jundiai,True
3510,Campinas,350038,Campinas,1050,1113,976,1022,1218,1338,1243,1439,1419,1472,1565,1513,15368,Campinas,3509502,RA de Campinas,RM de Campinas,True
3510,Campinas,350039,Jundiaí,40,57,34,39,48,37,61,71,60,65,65,52,629,Campo Limpo Paulista,3509601,RA de Campinas,RM de Jundiai,True
3510,Campinas,350043,Mogi Guaçu,4,6,3,2,5,12,8,4,14,6,8,10,82,Estiva Gerbi,3557303,RA de Campinas,Demais municípios,True
3510,Campinas,350038,Campinas,5,5,4,2,4,4,5,4,5,5,7,6,56,Holambra,3519055,RA de Campinas,RM de Campinas,True
3510,Campinas,350038,Campinas,127,114,180,128,172,165,152,172,242,222,211,226,2111,Indaiatuba,3520509,RA de Campinas,RM de Campinas,True
3510,Campinas,350043,Mogi Guaçu,53,53,53,47,26,43,23,54,61,61,65,68,607,Itapira,3522604,RA de Campinas,Demais municípios,True
3510,Campinas,350039,Jundiaí,60,50,52,49,47,58,44,65,57,40,51,49,622,Itatiba,3523404,RA de Campinas,RM de Campinas,True
3510,Campinas,350039,Jundiaí,32,28,38,30,34,31,48,43,36,38,54,56,468,Itupeva,3524006,RA de Campinas,RM de Jundiai,True
3510,Campinas,350038,Campinas,32,36,27,23,28,23,32,19,19,32,217,166,654,Jaguariúna,3524709,RA de Campinas,RM de Campinas,True
3510,Campinas,350039,Jundiaí,18,24,10,12,10,19,16,19,13,21,23,18,203,Jarinu,3525201,RA de Campinas,RM de Jundiai,True
3510,Campinas,350041,Bragança Paulista,12,5,13,3,3,7,7,4,16,7,4,9,90,Joanópolis,3525508,RA de Campinas,Demais municípios,True
3510,Campinas,350039,Jundiaí,297,322,306,245,317,354,399,465,387,398,400,394,4284,Jundiaí,3525904,RA de Campinas,RM de Jundiai,True
3510,Campinas,350048,Amparo,0,3,1,4,3,7,4,3,3,2,1,0,31,Lindóia,3527009,RA de Campinas,Demais municípios,True
3510,Campinas,350039,Jundiaí,19,16,14,21,27,19,27,34,30,41,28,24,300,Louveira,3527306,RA de Campinas,RM de Jundiai,True
3510,Campinas,350043,Mogi Guaçu,99,90,80,91,118,118,133,126,136,128,118,169,1406,Mogi Guaçu,3530706,RA de Campinas,Demais municípios,True
3510,Campinas,350043,Mogi Guaçu,74,61,47,46,49,55,35,77,63,61,67,74,709,Mogi Mirim,3530805,RA de Campinas,Demais municípios,True
3510,Campinas,350048,Amparo,1,1,2,6,1,2,0,2,4,8,2,0,29,Monte Alegre do Sul,3531209,RA de Campinas,Demais municípios,True
3510,Campinas,350039,Jundiaí,10,7,8,6,10,12,1,7,1,7,7,13,89,Morungaba,3532009,RA de Campinas,RM de Campinas,True
3510,Campinas,350041,Bragança Paulista,10,11,19,7,5,7,9,12,5,6,6,12,109,Nazaré Paulista,3532405,RA de Campinas,Demais municípios,True
3510,Campinas,350038,Campinas,54,58,72,51,75,76,88,80,71,80,68,91,864,Paulínia,3536505,RA de Campinas,RM de Campinas,True
3510,Campinas,350041,Bragança Paulista,1,3,1,1,3,5,3,2,2,2,3,1,27,Pedra Bela,3536802,RA de Campinas,Demais municípios,True
3510,Campinas,350038,Campinas,14,22,24,11,15,17,13,17,18,8,10,11,180,Pedreira,3537107,RA de Campinas,RM de Campinas,True
3510,Campinas,350041,Bragança Paulista,11,7,6,1,5,4,9,4,5,6,8,10,76,Pinhalzinho,3538204,RA de Campinas,Demais municípios,True
3510,Campinas,350041,Bragança Paulista,10,4,14,11,9,13,15,14,19,7,20,16,152,Piracaia,3538600,RA de Campinas,Demais municípios,True
3510,Campinas,350038,Campinas,12,16,8,4,9,13,11,5,11,8,14,10,121,Santo Antônio de Posse,3548005,RA de Campinas,RM de Campinas,True
3510,Campinas,350048,Amparo,15,16,12,10,15,18,15,11,18,26,25,19,200,Serra Negra,3551603,RA de Campinas,Demais municípios,True
3510,Campinas,350041,Bragança Paulista,18,15,13,10,9,15,10,15,18,16,8,15,162,Socorro,3552106,RA de Campinas,Demais municípios,True
3510,Campinas,350041,Bragança Paulista,1,2,13,9,5,1,3,9,18,4,6,7,78,Tuiuti,3554953,RA de Campinas,Demais municípios,True
3510,Campinas,350038,Campinas,44,55,35,48,42,39,40,44,58,60,86,83,634,Valinhos,3556206,RA de Campinas,RM de Campinas,True
3510,Campinas,350041,Bragança Paulista,10,2,9,5,2,9,6,4,5,6,9,7,74,Vargem,3556354,RA de Campinas,Demais municípios,True
3510,Campinas,350038,Campinas,31,24,40,32,21,25,40,33,44,38,57,39,424,Vinhedo,3556701,RA de Campinas,RM de Campinas,True
3510,Campinas,350039,Jundiaí,70,59,44,38,40,50,35,46,64,44,71,56,617,Várzea Paulista,3556503,RA de Campinas,RM de Jundiai,True
3510,Campinas,350048,Amparo,11,5,11,4,5,8,14,8,10,6,7,9,98,Águas de Lindóia,3500501,RA de Campinas,Demais municípios,True
3501,São Paulo,350001,São Paulo,13148,13550,12192,11903,14750,15143,16126,16995,17963,18237,19260,18518,187785,São Paulo,3550308,RM  de São Paulo,RM de Sao Paulo,True
3501,São Paulo,350001,São Paulo,25,43,53,46,41,48,60,47,51,54,39,55,562,Arujá,3503901,RM  de São Paulo,RM de Sao Paulo,True
3501,São Paulo,350001,São Paulo,161,170,110,154,143,152,180,206,189,211,236,210,2122,Barueri,3505708,RM  de São Paulo,RM de Sao Paulo,True
3501,São Paulo,350001,São Paulo,16,13,13,17,21,21,16,18,10,13,9,21,188,Biritiba Mirim,3506607,RM  de São Paulo,RM de Sao Paulo,True
3501,São Paulo,350001,São Paulo,27,12,41,26,33,25,29,42,37,51,40,38,401,Caieiras,3509007,RM  de São Paulo,RM de Sao Paulo,True
3501,São Paulo,350001,São Paulo,37,21,24,23,30,22,48,49,44,32,47,45,422,Cajamar,3509205,RM  de São Paulo,RM de Sao Paulo,True
3501,São Paulo,350001,São Paulo,182,161,194,154,139,167,180,216,176,180,177,210,2136,Carapicuíba,3510609,RM  de São Paulo,RM de Sao Paulo,True
3501,São Paulo,350001,São Paulo,135,134,152,117,170,143,129,174,193,165,186,194,1892,Cotia,3513009,RM  de São Paulo,RM de Sao Paulo,True
3501,São Paulo,350001,São Paulo,240,239,182,205,287,305,310,276,239,241,289,260,3073,Diadema,3513801,RM  de São Paulo,RM de Sao Paulo,True
3501,São Paulo,350001,São Paulo,105,85,104,105,131,114,107,91,109,104,114,96,1265,Embu das Artes,3515004,RM  de São Paulo,RM de Sao Paulo,True
3501,São Paulo,350001,São Paulo,26,32,29,28,30,42,33,49,43,42,64,60,478,Embu Guaçú,3515103,RM  de São Paulo,RM de Sao Paulo,True
3501,São Paulo,350001,São Paulo,85,109,117,103,120,99,98,100,105,95,130,104,1265,Ferraz de Vasconcelos,3515707,RM  de São Paulo,RM de Sao Paulo,True
3501,São Paulo,350001,São Paulo,83,83,23,91,119,94,122,105,115,133,97,95,1160,Francisco Morato,3516309,RM  de São Paulo,RM de Sao Paulo,True
3501,São Paulo,350001,São Paulo,84,66,62,67,80,68,88,75,78,87,79,72,906,Franco da Rocha,3516408,RM  de São Paulo,RM de Sao Paulo,True
3501,São Paulo,350001,São Paulo,19,15,23,17,20,14,17,36,27,15,21,20,244,Guararema,3518305,RM  de São Paulo,RM de Sao Paulo,True
3501,São Paulo,350001,São Paulo,733,827,808,665,733,867,822,1108,941,1064,1047,1042,10657,Guarulhos,3518800,RM  de São Paulo,RM de Sao Paulo,True
3501,São Paulo,350001,São Paulo,85,95,117,107,94,90,89,118,102,133,109,138,1277,Itapecerica da Serra,3522208,RM  de São Paulo,RM de Sao Paulo,True
3501,São Paulo,350001,São Paulo,100,127,101,103,102,107,122,122,111,127,137,123,1382,Itapevi,3522505,RM  de São Paulo,RM de Sao Paulo,True
3501,São Paulo,350001,São Paulo,228,215,261,205,181,190,233,256,184,262,211,242,2668,Itaquaquecetuba,3523107,RM  de São Paulo,RM de Sao Paulo,True
3501,São Paulo,350001,São Paulo,56,31,10,39,49,35,60,47,62,50,57,53,549,Jandira,3525003,RM  de São Paulo,RM de Sao Paulo,True
3501,São Paulo,350001,São Paulo,19,18,35,33,26,31,28,20,22,21,30,19,302,Juquitiba,3526209,RM  de São Paulo,RM de Sao Paulo,True
3501,São Paulo,350001,São Paulo,33,35,28,50,32,48,46,69,39,64,78,76,598,Mairiporã,3528502,RM  de São Paulo,RM de Sao Paulo,True
3501,São Paulo,350001,São Paulo,124,168,172,177,244,199,252,278,230,273,270,269,2656,Mauá,3529401,RM  de São Paulo,RM de Sao Paulo,True
3501,São Paulo,350001,São Paulo,271,253,258,280,293,277,277,291,312,331,344,320,3507,Mogi das Cruzes,3530607,RM  de São Paulo,RM de Sao Paulo,True
3501,São Paulo,350001,São Paulo,465,545,431,450,475,480,529,506,582,608,590,575,6236,Osasco,3534401,RM  de São Paulo,RM de Sao Paulo,True
3501,São Paulo,350001,São Paulo,2,6,3,5,9,13,6,6,10,3,17,2,82,Pirapora do Bom Jesus,3539103,RM  de São Paulo,RM de Sao Paulo,True
3501,São Paulo,350001,São Paulo,102,96,63,109,106,91,114,131,125,121,112,96,1266,Poá,3539806,RM  de São Paulo,RM de Sao Paulo,True
3501,São Paulo,350001,São Paulo,30,38,51,47,54,46,35,63,48,39,62,49,562,Ribeirão Pires,3543303,RM  de São Paulo,RM de Sao Paulo,True
3501,São Paulo,350001,São Paulo,27,20,20,19,20,16,13,11,27,23,25,18,239,Rio Grande da Serra,3544103,RM  de São Paulo,RM de Sao Paulo,True
3501,São Paulo,350001,São Paulo,9,10,6,14,8,4,5,5,6,7,10,12,96,Salesópolis,3545001,RM  de São Paulo,RM de Sao Paulo,True
3501,São Paulo,350001,São Paulo,17,25,30,28,24,29,21,27,25,25,22,30,303,Santa Isabel,3546801,RM  de São Paulo,RM de Sao Paulo,True
3501,São Paulo,350001,São Paulo,38,31,26,34,37,47,46,47,45,60,56,61,528,Santana de Parnaíba,3547304,RM  de São Paulo,RM de Sao Paulo,True
3501,São Paulo,350001,São Paulo,577,577,551,531,625,579,643,655,590,694,704,750,7476,Santo André,3547809,RM  de São Paulo,RM de Sao Paulo,True
3501,São Paulo,350001,São Paulo,224,220,225,191,224,225,209,248,233,251,283,225,2758,Suzano,3552502,RM  de São Paulo,RM de Sao Paulo,True
3501,São Paulo,350001,São Paulo,445,462,373,395,521,534,504,490,580,648,613,662,6227,São Bernardo do Campo,3548708,RM  de São Paulo,RM de Sao Paulo,True
3501,São Paulo,350001,São Paulo,83,85,75,95,118,104,94,104,134,198,128,141,1359,São Caetano do Sul,3548807,RM  de São Paulo,RM de Sao Paulo,True
3501,São Paulo,350001,São Paulo,11,10,19,8,0,14,13,20,13,13,13,17,151,São Lourenço da Serra,3549953,RM  de São Paulo,RM de Sao Paulo,True
3501,São Paulo,350001,São Paulo,129,127,146,146,122,121,144,146,116,119,166,134,1616,Taboão da Serra,3552809,RM  de São Paulo,RM de Sao Paulo,True
3501,São Paulo,350001,São Paulo,24,10,5,17,13,22,19,27,19,19,22,27,224,Vargem Grande Paulista,3556453,RM  de São Paulo,RM de Sao Paulo,True
3510,Campinas,350044,São João da Boa Vista,25,27,27,19,25,27,17,11,19,26,35,18,276,Aguaí,3500303,RA de Campinas,Demais municípios,True
3510,Campinas,350038,Campinas,130,143,130,117,122,111,113,142,147,128,170,177,1630,Americana,3501608,RA de Campinas,RM de Campinas,True
3510,Campinas,350046,Rio Claro,1,3,3,5,5,2,4,7,4,5,2,10,51,Analândia,3502002,RA de Campinas,RM de Piracicaba,True
3510,Campinas,350045,Araras,79,98,93,80,99,90,92,110,93,104,116,102,1156,Araras,3503307,RA de Campinas,RM de Piracicaba,True
3510,Campinas,350038,Campinas,20,40,32,31,35,18,28,25,28,33,36,34,360,Artur Nogueira,3503802,RA de Campinas,RM de Campinas,True
3503,Bauru,350010,Jaú,19,13,14,10,22,20,22,21,16,13,19,20,209,Brotas,3507902,RA de Campinas,Demais municípios,True
3510,Campinas,350047,São José do Rio Pardo - Mococa,15,15,13,9,8,6,4,12,8,9,11,4,114,Caconde,3508702,RA de Campinas,Demais municípios,True
3510,Campinas,350040,Piracicaba,14,17,25,13,20,16,15,16,15,20,22,17,210,Capivari,3510401,RA de Campinas,RM de Piracicaba,True
3510,Campinas,350044,São João da Boa Vista,30,14,21,13,25,27,21,29,23,30,28,34,295,Casa Branca,3510807,RA de Campinas,Demais municípios,True
3510,Campinas,350040,Piracicaba,7,7,2,12,12,11,10,5,14,6,12,17,115,Charqueada,3511706,RA de Campinas,RM de Piracicaba,True
3510,Campinas,350045,Araras,21,19,31,23,23,33,25,22,10,29,15,19,270,Conchal,3512209,RA de Campinas,RM de Piracicaba,True
3510,Campinas,350042,Limeira,9,7,9,18,28,20,17,14,13,18,19,9,181,Cordeirópolis,3512407,RA de Campinas,RM de Piracicaba,True
3510,Campinas,350046,Rio Claro,4,0,2,3,4,3,2,3,2,5,7,1,36,Corumbataí,3512704,RA de Campinas,RM de Piracicaba,True
3510,Campinas,350038,Campinas,67,41,31,25,30,36,36,39,41,29,35,38,448,Cosmópolis,3512803,RA de Campinas,RM de Campinas,True
3510,Campinas,350047,São José do Rio Pardo - Mococa,7,11,2,4,3,1,1,5,9,5,5,6,59,Divinolândia,3513900,RA de Campinas,Demais municípios,True
3510,Campinas,350038,Campinas,1,3,6,1,3,4,4,9,12,6,9,5,63,Elias Fausto,3514908,RA de Campinas,RM de Piracicaba,True
3510,Campinas,350042,Limeira,4,7,9,7,5,6,7,5,6,4,6,5,71,Engenheiro Coelho,3515152,RA de Campinas,RM de Campinas,True
3510,Campinas,350044,São João da Boa Vista,17,28,19,22,14,19,39,22,23,17,26,24,270,Espírito Santo do Pinhal,3515186,RA de Campinas,Demais municípios,True
3510,Campinas,350038,Campinas,100,107,123,89,104,112,123,129,114,116,137,120,1374,Hortolândia,3519071,RA de Campinas,RM de Campinas,True
3510,Campinas,350046,Rio Claro,4,4,6,9,6,6,4,5,5,5,4,4,62,Ipeúna,3521101,RA de Campinas,RM de Piracicaba,True
3510,Campinas,350042,Limeira,15,8,8,9,6,6,6,7,2,12,17,14,110,Iracemápolis,3521408,RA de Campinas,RM de Piracicaba,True
3509,Araraquara,350037,São Carlos,7,8,12,11,13,12,4,17,20,16,15,16,151,Itirapina,3523602,RA de Campinas,Demais municípios,True
3510,Campinas,350047,São José do Rio Pardo - Mococa,2,5,8,5,9,3,3,5,3,5,2,6,56,Itobi,3523800,RA de Campinas,Demais municípios,True
3510,Campinas,350045,Araras,59,53,41,42,56,96,55,61,80,82,75,83,783,Leme,3526704,RA de Campinas,RM de Piracicaba,True
3510,Campinas,350042,Limeira,198,238,219,178,214,249,184,213,282,265,212,230,2682,Limeira,3526902,RA de Campinas,RM de Piracicaba,True
3510,Campinas,350047,São José do Rio Pardo - Mococa,62,79,88,86,62,55,45,62,39,67,85,76,806,Mococa,3530508,RA de Campinas,RM de Ribeirao Preto,True
3510,Campinas,350040,Piracicaba,2,2,4,3,5,2,4,4,3,3,2,4,38,Mombuca,3530904,RA de Campinas,RM de Piracicaba,True
3510,Campinas,350038,Campinas,33,37,28,22,40,29,31,28,36,27,46,47,404,Monte Mor,3531803,RA de Campinas,RM de Campinas,True
3510,Campinas,350038,Campinas,21,24,31,20,37,26,14,29,37,32,37,35,343,Nova Odessa,3533403,RA de Campinas,RM de Campinas,True
3510,Campinas,350040,Piracicaba,276,276,299,279,276,349,323,321,327,301,442,320,3789,Piracicaba,3538709,RA de Campinas,RM de Piracicaba,True
3509,Araraquara,350037,São Carlos,38,46,51,29,44,52,52,38,45,47,49,40,531,Pirassununga,3539301,RA de Campinas,RM de Piracicaba,True
3510,Campinas,350040,Piracicaba,1,2,1,1,1,4,0,3,3,5,3,14,38,Rafard,3542107,RA de Campinas,RM de Piracicaba,True
3510,Campinas,350046,Rio Claro,125,130,132,102,136,127,122,141,135,134,127,153,1564,Rio Claro,3543907,RA de Campinas,RM de Piracicaba,True
3510,Campinas,350040,Piracicaba,22,26,24,28,14,8,24,15,12,16,22,18,229,Rio das Pedras,3544004,RA de Campinas,RM de Piracicaba,True
3510,Campinas,350040,Piracicaba,3,7,3,3,4,6,7,5,4,3,2,4,51,Saltinho,3545159,RA de Campinas,RM de Piracicaba,True
3510,Campinas,350038,Campinas,128,119,95,96,73,86,67,109,100,118,123,108,1222,Santa Bárbara d'Oeste,3545803,RA de Campinas,RM de Campinas,True
3510,Campinas,350045,Araras,4,4,6,3,2,0,4,10,3,5,6,3,50,Santa Cruz da Conceição,3546207,RA de Campinas,RM de Piracicaba,True
3510,Campinas,350044,São João da Boa Vista,15,15,9,12,13,10,18,14,19,19,17,22,183,Santa Cruz das Palmeiras,3546306,RA de Campinas,Demais municípios,True
3510,Campinas,350046,Rio Claro,5,6,7,5,8,6,6,6,7,8,9,5,78,Santa Gertrudes,3546702,RA de Campinas,RM de Piracicaba,True
3510,Campinas,350040,Piracicaba,9,7,3,3,3,2,2,3,4,3,4,6,49,Santa Maria da Serra,3547007,RA de Campinas,RM de Piracicaba,True
3510,Campinas,350044,São João da Boa Vista,2,6,9,5,5,2,1,5,1,2,3,4,45,Santo Antônio do Jardim,3548104,RA de Campinas,Demais municípios,True
3510,Campinas,350038,Campinas,127,156,135,104,167,143,162,210,206,240,268,252,2170,Sumaré,3552403,RA de Campinas,RM de Campinas,True
3510,Campinas,350047,São José do Rio Pardo - Mococa,32,57,67,53,34,39,38,58,34,26,57,49,544,São José do Rio Pardo,3549706,RA de Campinas,Demais municípios,True
3510,Campinas,350044,São João da Boa Vista,48,34,41,34,37,34,33,61,49,56,64,60,551,São João da Boa Vista,3549102,RA de Campinas,Demais municípios,True
3510,Campinas,350040,Piracicaba,18,12,14,15,35,28,11,17,16,43,23,15,247,São Pedro,3550407,RA de Campinas,RM de Piracicaba,True
3510,Campinas,350047,São José do Rio Pardo - Mococa,7,3,2,8,5,1,4,4,7,6,7,3,57,São Sebastião da Grama,3550803,RA de Campinas,Demais municípios,True
3510,Campinas,350044,São João da Boa Vista,21,23,15,14,19,21,18,10,15,19,22,23,220,Tambaú,3553302,RA de Campinas,RM de Ribeirao Preto,True
3510,Campinas,350047,São José do Rio Pardo - Mococa,12,12,7,9,10,18,5,9,9,4,6,14,115,Tapiratiba,3553609,RA de Campinas,Demais municípios,True
3503,Bauru,350010,Jaú,6,3,6,7,6,17,5,5,6,3,7,4,75,Torrinha,3554706,RA de Campinas,Demais municípios,True
3510,Campinas,350044,São João da Boa Vista,28,27,29,40,32,31,37,26,27,38,51,38,404,Vargem Grande do Sul,3556404,RA de Campinas,Demais municípios,True
3510,Campinas,350044,São João da Boa Vista,2,8,6,6,2,1,5,5,5,2,4,2,48,Águas da Prata,3500402,RA de Campinas,Demais municípios,True
3510,Campinas,350040,Piracicaba,2,0,0,2,1,2,2,0,0,0,1,3,13,Águas de São Pedro,3500600,RA de Campinas,RM de Piracicaba,True
3505,Presidente Prudente,350019,Adamantina - Lucélia,8,11,10,13,13,14,17,12,9,12,17,21,157,Adamantina,3500105,RA de Presidente Prudente,Demais municípios,True
3505,Presidente Prudente,350018,Presidente Prudente,2,1,1,2,0,2,3,2,1,0,1,2,17,Alfredo Marcondes,3500808,RA de Presidente Prudente,Demais municípios,True
3505,Presidente Prudente,350018,Presidente Prudente,2,2,1,3,1,1,0,1,1,2,1,3,18,Anhumas,3502408,RA de Presidente Prudente,Demais municípios,True
3504,Marília,350014,Assis,84,82,73,80,70,74,79,81,70,78,92,79,942,Assis,3504008,RA de Marília,Demais municípios,True
3505,Presidente Prudente,350018,Presidente Prudente,1,0,1,2,0,1,2,0,0,1,0,1,9,Caiabu,3508900,RA de Presidente Prudente,Demais municípios,True
3505,Presidente Prudente,350021,Presidente Epitácio-Presidente Venceslau,0,1,1,1,0,7,1,1,0,2,0,1,15,Caiuá,3509106,RA de Presidente Prudente,Demais municípios,True
3504,Marília,350013,Marília,2,4,2,2,1,2,4,3,5,6,5,3,39,Campos Novos Paulista,3509809,RA de Marília,Demais municípios,True
3504,Marília,350014,Assis,0,1,0,2,4,2,3,2,3,0,0,0,17,Cruzália,3513306,RA de Marília,Demais municípios,True
3504,Marília,350014,Assis,19,20,11,19,26,25,28,16,16,14,20,26,240,Cândido Mota,3510005,RA de Marília,Demais municípios,True
3505,Presidente Prudente,350020,Dracena,44,26,37,21,26,28,34,37,26,36,34,34,383,Dracena,3514403,RA de Presidente Prudente,Demais municípios,True
3505,Presidente Prudente,350018,Presidente Prudente,0,1,1,1,0,1,2,1,2,0,1,1,11,Emilianópolis,3515129,RA de Presidente Prudente,Demais municípios,True
3505,Presidente Prudente,350018,Presidente Prudente,2,0,2,2,0,1,2,0,0,1,1,0,11,Estrela do Norte,3515301,RA de Presidente Prudente,Demais municípios,True
3505,Presidente Prudente,350018,Presidente Prudente,6,1,3,4,3,2,4,3,3,5,4,4,42,Euclides da Cunha Paulista,3515350,RA de Presidente Prudente,Demais municípios,True
3505,Presidente Prudente,350020,Dracena,2,2,1,1,2,0,0,0,1,3,0,0,12,Flora Rica,3515806,RA de Presidente Prudente,Demais municípios,True
3504,Marília,350014,Assis,2,4,1,2,4,2,4,0,1,0,3,1,24,Florínia,3516101,RA de Marília,Demais municípios,True
3505,Presidente Prudente,350019,Adamantina - Lucélia,3,3,1,1,4,4,5,5,5,3,2,5,41,Flórida Paulista,3516002,RA de Presidente Prudente,Demais municípios,True
3504,Marília,350015,Ourinhos,4,2,3,4,4,2,6,2,10,5,5,3,50,Ibirarema,3519501,RA de Marília,Demais municípios,True
3505,Presidente Prudente,350018,Presidente Prudente,7,5,3,10,1,6,6,7,4,5,8,9,71,Iepê,3519907,RA de Presidente Prudente,Demais municípios,True
3505,Presidente Prudente,350018,Presidente Prudente,5,7,3,1,1,4,1,4,1,1,2,3,33,Indiana,3520608,RA de Presidente Prudente,Demais municípios,True
3505,Presidente Prudente,350019,Adamantina - Lucélia,1,0,3,1,0,0,0,0,1,1,1,1,9,Inúbia Paulista,3520806,RA de Presidente Prudente,Demais municípios,True
3505,Presidente Prudente,350020,Dracena,0,2,2,4,2,0,2,3,4,1,1,2,23,Irapuru,3521606,RA de Presidente Prudente,Demais municípios,True
3505,Presidente Prudente,350018,Presidente Prudente,5,7,2,3,2,1,7,5,2,2,4,1,41,João Ramalho,3525607,RA de Marília,Demais municípios,True
3505,Presidente Prudente,350020,Dracena,6,16,7,7,4,8,10,12,11,3,3,8,95,Junqueirópolis,3526001,RA de Presidente Prudente,Demais municípios,True
3505,Presidente Prudente,350019,Adamantina - Lucélia,8,9,4,8,3,12,10,3,10,10,5,3,85,Lucélia,3527405,RA de Presidente Prudente,Demais municípios,True
3504,Marília,350014,Assis,0,1,1,1,1,0,1,0,1,0,2,0,8,Lutécia,3527900,RA de Marília,Demais municípios,True
3505,Presidente Prudente,350021,Presidente Epitácio-Presidente Venceslau,0,1,1,0,1,1,0,1,1,1,0,0,7,Marabá Paulista,3528700,RA de Presidente Prudente,Demais municípios,True
3504,Marília,350014,Assis,3,6,4,5,14,6,4,4,2,4,6,10,68,Maracaí,3528809,RA de Marília,Demais municípios,True
3505,Presidente Prudente,350019,Adamantina - Lucélia,0,2,0,1,1,1,0,0,3,0,1,2,11,Mariápolis,3528908,RA de Presidente Prudente,Demais municípios,True
3505,Presidente Prudente,350018,Presidente Prudente,19,12,17,13,15,12,14,14,15,10,16,22,179,Martinópolis,3529203,RA de Presidente Prudente,Demais municípios,True
3505,Presidente Prudente,350018,Presidente Prudente,15,31,19,10,11,7,17,12,18,12,22,30,204,Mirante do Paranapanema,3530201,RA de Presidente Prudente,Demais municípios,True
3505,Presidente Prudente,350020,Dracena,1,0,4,4,1,3,11,5,7,5,4,0,45,Monte Castelo,3531605,RA de Presidente Prudente,Demais municípios,True
3505,Presidente Prudente,350018,Presidente Prudente,4,4,3,2,1,2,2,6,4,3,2,5,38,Nantes,3532157,RA de Presidente Prudente,Demais municípios,True
3505,Presidente Prudente,350018,Presidente Prudente,5,6,12,4,6,4,4,3,8,2,7,4,65,Narandiba,3532207,RA de Presidente Prudente,Demais municípios,True
3505,Presidente Prudente,350020,Dracena,0,2,0,1,2,0,1,1,0,0,3,2,12,Nova Guataporanga,3533106,RA de Presidente Prudente,Demais municípios,True
3505,Presidente Prudente,350019,Adamantina - Lucélia,24,25,29,15,12,23,18,16,19,10,16,26,233,Osvaldo Cruz,3534609,RA de Presidente Prudente,Demais municípios,True
3505,Presidente Prudente,350020,Dracena,1,5,7,5,9,7,9,3,5,3,3,10,67,Ouro Verde,3534807,RA de Presidente Prudente,Demais municípios,True
3505,Presidente Prudente,350019,Adamantina - Lucélia,3,4,2,0,3,5,5,7,3,3,3,0,38,Pacaembu,3534906,RA de Presidente Prudente,Demais municípios,True
3504,Marília,350014,Assis,16,19,18,26,18,23,11,17,12,16,26,12,214,Palmital,3535309,RA de Marília,Demais municípios,True
3505,Presidente Prudente,350020,Dracena,18,16,8,7,14,10,12,12,16,11,11,15,150,Panorama,3535408,RA de Presidente Prudente,Demais municípios,True
3504,Marília,350014,Assis,20,38,22,29,21,27,33,21,31,28,43,33,346,Paraguaçu Paulista,3535507,RA de Marília,Demais municípios,True
3505,Presidente Prudente,350020,Dracena,4,6,0,3,3,3,4,0,5,3,2,5,38,Paulicéia,3536406,RA de Presidente Prudente,Demais municípios,True
3504,Marília,350014,Assis,1,1,0,2,1,1,3,0,1,2,2,1,15,Pedrinhas Paulista,3537156,RA de Marília,Demais municípios,True
3505,Presidente Prudente,350021,Presidente Epitácio-Presidente Venceslau,2,1,2,5,2,1,3,1,0,1,0,0,18,Piquerobi,3538303,RA de Presidente Prudente,Demais municípios,True
3505,Presidente Prudente,350018,Presidente Prudente,11,3,12,13,5,10,13,13,11,6,8,11,116,Pirapozinho,3539202,RA de Presidente Prudente,Demais municípios,True
3504,Marília,350014,Assis,1,1,0,4,2,3,1,2,9,6,1,0,30,Platina,3539707,RA de Marília,Demais municípios,True
3505,Presidente Prudente,350019,Adamantina - Lucélia,0,0,1,0,0,1,0,0,1,1,0,0,4,Pracinha,3540853,RA de Presidente Prudente,Demais municípios,True
3505,Presidente Prudente,350018,Presidente Prudente,4,4,2,2,4,4,1,2,3,4,5,6,41,Presidente Bernardes,3541208,RA de Presidente Prudente,Demais municípios,True
3505,Presidente Prudente,350021,Presidente Epitácio-Presidente Venceslau,15,19,22,17,11,12,27,33,17,26,24,24,247,Presidente Epitácio,3541307,RA de Presidente Prudente,Demais municípios,True
3505,Presidente Prudente,350018,Presidente Prudente,120,117,144,140,141,138,154,154,198,165,160,195,1826,Presidente Prudente,3541406,RA de Presidente Prudente,Demais municípios,True
3505,Presidente Prudente,350021,Presidente Epitácio-Presidente Venceslau,10,14,9,7,6,7,8,10,19,17,19,15,141,Presidente Venceslau,3541505,RA de Presidente Prudente,Demais municípios,True
3505,Presidente Prudente,350018,Presidente Prudente,22,23,21,20,15,17,29,16,14,17,23,29,246,Rancharia,3542206,RA de Presidente Prudente,Demais municípios,True
3505,Presidente Prudente,350018,Presidente Prudente,4,6,2,14,7,10,6,3,6,9,9,6,82,Regente Feijó,3542404,RA de Presidente Prudente,Demais municípios,True
3505,Presidente Prudente,350018,Presidente Prudente,0,1,0,0,1,0,0,1,0,0,1,0,4,Ribeirão dos Índios,3543238,RA de Presidente Prudente,Demais municípios,True
3505,Presidente Prudente,350018,Presidente Prudente,5,9,9,6,5,9,10,4,9,7,8,8,89,Rosana,3544251,RA de Presidente Prudente,Demais municípios,True
3505,Presidente Prudente,350019,Adamantina - Lucélia,3,0,2,1,0,0,1,1,2,1,0,0,11,Sagres,3544707,RA de Presidente Prudente,Demais municípios,True
3505,Presidente Prudente,350019,Adamantina - Lucélia,1,1,2,0,1,1,2,3,5,0,0,4,20,Salmourão,3545100,RA de Presidente Prudente,Demais municípios,True
3505,Presidente Prudente,350018,Presidente Prudente,4,5,0,4,3,2,4,2,1,0,4,5,34,Sandovalina,3545506,RA de Presidente Prudente,Demais municípios,True
3505,Presidente Prudente,350020,Dracena,3,0,0,0,0,0,1,2,1,1,1,1,10,Santa Mercedes,3547106,RA de Presidente Prudente,Demais municípios,True
3505,Presidente Prudente,350018,Presidente Prudente,2,3,5,7,6,2,1,4,5,6,1,5,47,Santo Anastácio,3547700,RA de Presidente Prudente,Demais municípios,True
3505,Presidente Prudente,350018,Presidente Prudente,3,0,0,2,0,0,0,0,2,3,0,2,12,Santo Expedito,3548302,RA de Presidente Prudente,Demais municípios,True
3505,Presidente Prudente,350020,Dracena,0,0,0,0,0,1,2,0,0,0,0,0,3,São João do Pau d'Alho,3549300,RA de Presidente Prudente,Demais municípios,True
3505,Presidente Prudente,350018,Presidente Prudente,0,4,0,5,4,2,2,3,2,0,3,2,27,Taciba,3552908,RA de Presidente Prudente,Demais municípios,True
3505,Presidente Prudente,350018,Presidente Prudente,5,3,3,2,3,3,0,5,1,7,6,2,40,Tarabaí,3553906,RA de Presidente Prudente,Demais municípios,True
3504,Marília,350014,Assis,6,7,8,12,18,13,10,6,7,13,6,12,118,Tarumã,3553955,RA de Marília,Demais municípios,True
3505,Presidente Prudente,350018,Presidente Prudente,8,5,6,15,12,13,15,9,12,19,21,16,151,Teodoro Sampaio,3554300,RA de Presidente Prudente,Demais municípios,True
3505,Presidente Prudente,350020,Dracena,4,4,3,5,7,10,4,11,8,11,8,10,85,Tupi Paulista,3555109,RA de Presidente Prudente,Demais municípios,True
3505,Presidente Prudente,350018,Presidente Prudente,16,6,12,16,11,10,10,14,10,18,21,18,162,Álvares Machado,3501301,RA de Presidente Prudente,Demais municípios,True
3507,São José do Rio Preto,350025,São José do Rio Preto,1,7,3,5,5,1,1,4,3,0,1,2,33,Altair,3500907,RA de Barretos,Demais municípios,True
3508,Ribeirão Preto,350031,Ribeirão Preto,9,7,7,4,11,4,5,8,13,9,12,8,97,Altinópolis,3501004,RA de Ribeirão Preto,RM de Ribeirao Preto,True
3509,Araraquara,350036,Araraquara,13,15,9,17,11,22,25,26,25,17,30,22,232,Américo Brasiliense,3501707,RA Central,Demais municípios,True
3508,Ribeirão Preto,350035,Ituverava,1,4,5,2,5,6,7,2,6,3,2,4,47,Aramina,3503000,RA de Franca,Demais municípios,True
3509,Araraquara,350036,Araraquara,169,133,156,132,180,174,217,214,219,259,264,217,2334,Araraquara,3503208,RA Central,Demais municípios,True
3508,Ribeirão Preto,350032,Barretos,115,85,111,117,103,102,108,112,156,123,147,161,1440,Barretos,3505500,RA de Barretos,Demais municípios,True
3508,Ribeirão Preto,350031,Ribeirão Preto,11,14,16,16,10,9,11,17,19,12,9,18,162,Barrinha,3505609,RA de Ribeirão Preto,RM de Ribeirao Preto,True
3508,Ribeirão Preto,350031,Ribeirão Preto,35,18,22,20,20,22,25,30,50,39,32,36,349,Batatais,3505906,RA de Franca,RM de Ribeirao Preto,True
3508,Ribeirão Preto,350032,Barretos,57,47,50,58,38,42,49,49,48,42,80,73,633,Bebedouro,3506102,RA de Barretos,Demais municípios,True
3509,Araraquara,350036,Araraquara,8,10,10,10,15,11,15,12,12,12,13,10,138,Boa Esperança do Sul,3506706,RA Central,Demais municípios,True
3509,Araraquara,350036,Araraquara,15,7,9,7,12,7,18,9,13,7,21,8,133,Borborema,3507407,RA Central,Demais municípios,True
3508,Ribeirão Preto,350031,Ribeirão Preto,13,14,7,23,15,9,7,18,10,11,18,10,155,Brodowski,3507803,RA de Ribeirão Preto,RM de Ribeirao Preto,True
3508,Ribeirão Preto,350035,Ituverava,4,10,5,2,7,3,4,3,1,4,6,1,50,Buritizal,3508207,RA de Franca,Demais municípios,True
3508,Ribeirão Preto,350032,Barretos,7,4,4,3,3,6,0,2,7,6,1,9,52,Cajobi,3509304,RA de Barretos,Demais municípios,True
3508,Ribeirão Preto,350031,Ribeirão Preto,13,17,33,28,32,27,24,36,21,25,34,27,317,Cajuru,3509403,RA de Ribeirão Preto,RM de Ribeirao Preto,True
3508,Ribeirão Preto,350032,Barretos,16,10,18,8,13,8,22,14,12,19,22,11,173,Colina,3512001,RA de Barretos,Demais municípios,True
3508,Ribeirão Preto,350032,Barretos,8,5,3,4,1,3,4,5,5,3,5,14,60,Colômbia,3512100,RA de Barretos,Demais municípios,True
3508,Ribeirão Preto,350031,Ribeirão Preto,18,14,11,25,13,14,20,28,19,23,23,20,228,Cravinhos,3513108,RA de Ribeirão Preto,RM de Ribeirao Preto,True
3508,Ribeirão Preto,350033,Franca,9,4,11,6,6,3,6,1,2,6,11,11,76,Cristais Paulista,3513207,RA de Franca,Demais municípios,True
3508,Ribeirão Preto,350031,Ribeirão Preto,3,0,0,2,1,1,3,6,2,3,3,4,28,Cássia dos Coqueiros,3510906,RA de Ribeirão Preto,RM de Ribeirao Preto,True
3509,Araraquara,350036,Araraquara,2,4,1,5,2,2,1,1,1,3,0,7,29,Cândido Rodrigues,3510104,RA Central,Demais municípios,True
3509,Araraquara,350037,São Carlos,5,7,10,15,25,22,20,22,24,23,17,33,223,Descalvado,3513702,RA Central,Demais municípios,True
3509,Araraquara,350036,Araraquara,1,2,4,5,3,4,6,3,6,17,3,0,54,Dobrada,3514007,RA Central,Demais municípios,True
3509,Araraquara,350037,São Carlos,5,3,1,4,5,2,5,13,3,7,3,5,56,Dourado,3514304,RA Central,Demais municípios,True
3508,Ribeirão Preto,350031,Ribeirão Preto,4,5,5,4,8,5,4,2,4,3,3,4,51,Dumont,3514601,RA de Ribeirão Preto,RM de Ribeirao Preto,True
3507,São José do Rio Preto,350026,Catanduva,0,0,0,2,0,3,0,0,3,0,3,1,12,Embaúba,3514957,RA de Barretos,Demais municípios,True
3507,São José do Rio Preto,350026,Catanduva,1,3,5,4,2,7,7,5,13,3,2,8,60,Fernando Prestes,3515608,RA Central,Demais municípios,True
3508,Ribeirão Preto,350033,Franca,289,277,290,354,308,292,290,312,282,397,380,401,3872,Franca,3516200,RA de Franca,Demais municípios,True
3509,Araraquara,350036,Araraquara,2,1,2,6,7,0,0,4,4,4,0,2,32,Gavião Peixoto,3516853,RA Central,Demais municípios,True
3508,Ribeirão Preto,350032,Barretos,15,7,3,7,7,11,13,11,11,10,9,15,119,Guaraci,3517901,RA de Barretos,Demais municípios,True
3508,Ribeirão Preto,350031,Ribeirão Preto,16,18,21,15,28,34,30,19,23,25,30,29,288,Guariba,3518602,RA de Ribeirão Preto,RM de Ribeirao Preto,True
3508,Ribeirão Preto,350035,Ituverava,10,21,19,28,18,17,19,24,12,29,43,24,264,Guará,3517703,RA de Franca,Demais municípios,True
3508,Ribeirão Preto,350031,Ribeirão Preto,5,6,6,11,8,3,6,4,5,14,7,4,79,Guatapará,3518859,RA de Ribeirão Preto,RM de Ribeirao Preto,True
3508,Ribeirão Preto,350032,Barretos,40,38,34,30,25,29,36,35,38,39,41,63,448,Guaíra,3517406,RA de Barretos,Demais municípios,True
3509,Araraquara,350037,São Carlos,20,22,23,18,16,14,32,25,18,26,21,30,265,Ibaté,3519303,RA Central,Demais municípios,True
3509,Araraquara,350036,Araraquara,108,102,102,122,132,89,132,125,125,127,89,124,1377,Ibitinga,3519600,RA Central,Demais municípios,True
3508,Ribeirão Preto,350035,Ituverava,29,33,40,19,40,28,27,24,18,22,36,27,343,Igarapava,3520103,RA de Franca,Demais municípios,True
3508,Ribeirão Preto,350034,São Joaquim da Barra ¿ Orlândia,16,11,13,12,9,11,13,19,15,11,16,22,168,Ipuã,3521309,RA de Franca,Demais municípios,True
3508,Ribeirão Preto,350033,Franca,7,5,5,3,8,8,8,10,7,5,23,8,97,Itirapuã,3523701,RA de Franca,Demais municípios,True
3508,Ribeirão Preto,350035,Ituverava,41,29,27,44,30,24,51,34,32,26,41,40,419,Ituverava,3524105,RA de Franca,Demais municípios,True
3509,Araraquara,350036,Araraquara,31,49,49,27,34,33,29,32,23,27,28,30,392,Itápolis,3522703,RA Central,Demais municípios,True
3508,Ribeirão Preto,350032,Barretos,3,3,1,7,2,2,0,6,1,2,6,2,35,Jaborandi,3524204,RA de Barretos,Demais municípios,True
3508,Ribeirão Preto,350031,Ribeirão Preto,74,68,41,63,82,87,72,68,66,81,92,85,879,Jaboticabal,3524303,RA de Ribeirão Preto,RM de Ribeirao Preto,True
3508,Ribeirão Preto,350031,Ribeirão Preto,19,18,19,27,24,27,24,22,33,31,31,34,309,Jardinópolis,3525102,RA de Ribeirão Preto,RM de Ribeirao Preto,True
3508,Ribeirão Preto,350033,Franca,5,2,2,1,6,2,5,4,3,9,1,4,44,Jeriquara,3525409,RA de Franca,Demais municípios,True
3508,Ribeirão Preto,350031,Ribeirão Preto,7,12,6,10,4,6,5,6,6,5,3,9,79,Luís Antônio,3527603,RA de Ribeirão Preto,RM de Ribeirao Preto,True
3509,Araraquara,350036,Araraquara,52,35,54,55,41,68,45,60,50,58,51,51,620,Matão,3529302,RA Central,Demais municípios,True
3508,Ribeirão Preto,350035,Ituverava,27,22,29,23,20,10,12,7,9,16,24,21,220,Miguelópolis,3529708,RA de Franca,Demais municípios,True
3508,Ribeirão Preto,350031,Ribeirão Preto,30,28,34,32,54,35,95,43,26,32,26,66,501,Monte Alto,3531308,RA de Ribeirão Preto,RM de Ribeirao Preto,True
3508,Ribeirão Preto,350032,Barretos,22,18,12,7,13,5,16,10,10,15,16,9,153,Monte Azul Paulista,3531506,RA de Barretos,Demais municípios,True
3508,Ribeirão Preto,350034,São Joaquim da Barra ¿ Orlândia,15,22,27,22,25,16,20,26,39,23,32,19,286,Morro Agudo,3531902,RA de Franca,RM de Ribeirao Preto,True
3509,Araraquara,350036,Araraquara,2,0,1,3,0,2,1,2,3,3,1,4,22,Motuca,3532058,RA Central,Demais municípios,True
3509,Araraquara,350036,Araraquara,7,7,12,7,12,7,9,8,10,4,11,15,109,Nova Europa,3532900,RA Central,Demais municípios,True
3508,Ribeirão Preto,350034,São Joaquim da Barra ¿ Orlândia,9,2,8,7,9,6,7,13,5,6,6,9,87,Nuporanga,3533601,RA de Franca,RM de Ribeirao Preto,True
3508,Ribeirão Preto,350032,Barretos,34,25,21,44,31,32,28,39,37,28,33,38,390,Olímpia,3533908,RA de Barretos,RM São José do Rio Preto,True
3508,Ribeirão Preto,350034,São Joaquim da Barra ¿ Orlândia,17,14,18,5,14,22,15,14,14,22,16,16,187,Orlândia,3534302,RA de Franca,RM de Ribeirao Preto,True
3508,Ribeirão Preto,350033,Franca,23,13,10,19,19,12,6,7,12,13,24,10,168,Patrocínio Paulista,3536307,RA de Franca,Demais municípios,True
3508,Ribeirão Preto,350033,Franca,21,8,24,35,22,24,19,16,26,26,26,19,266,Pedregulho,3537008,RA de Franca,Demais municípios,True
3507,São José do Rio Preto,350026,Catanduva,2,10,10,4,11,22,9,6,2,7,6,4,93,Pirangi,3539004,RA de Barretos,Demais municípios,True
3508,Ribeirão Preto,350031,Ribeirão Preto,16,14,11,16,15,30,15,20,35,22,23,16,233,Pitangueiras,3539509,RA de Ribeirão Preto,RM de Ribeirao Preto,True
3508,Ribeirão Preto,350031,Ribeirão Preto,8,12,15,12,9,16,13,14,28,18,17,14,176,Pontal,3540200,RA de Ribeirão Preto,RM de Ribeirao Preto,True
3509,Araraquara,350037,São Carlos,28,20,30,33,25,22,17,30,14,17,32,41,309,Porto Ferreira,3540705,RA Central,Demais municípios,True
3508,Ribeirão Preto,350031,Ribeirão Preto,4,7,4,10,13,7,10,6,7,16,10,9,103,Pradópolis,3540903,RA de Ribeirão Preto,RM de Ribeirao Preto,True
3508,Ribeirão Preto,350033,Franca,9,3,7,7,4,2,6,6,6,4,8,7,69,Restinga,3542701,RA de Franca,Demais municípios,True
3509,Araraquara,350037,São Carlos,6,7,8,16,10,3,8,8,5,7,9,3,90,Ribeirão Bonito,3542909,RA Central,Demais municípios,True
3508,Ribeirão Preto,350033,Franca,7,1,3,2,4,3,1,4,6,4,2,2,39,Ribeirão Corrente,3543105,RA de Franca,Demais municípios,True
3508,Ribeirão Preto,350031,Ribeirão Preto,531,536,557,486,542,511,611,717,732,737,730,868,7558,Ribeirão Preto,3543402,RA de Ribeirão Preto,RM de Ribeirao Preto,True
3508,Ribeirão Preto,350033,Franca,7,5,1,5,4,2,4,6,3,7,11,6,61,Rifaina,3543600,RA de Franca,Demais municípios,True
3509,Araraquara,350036,Araraquara,9,12,8,21,11,12,13,5,8,6,12,8,125,Rincão,3543709,RA Central,Demais municípios,True
3508,Ribeirão Preto,350034,São Joaquim da Barra ¿ Orlândia,8,8,5,7,8,7,2,5,7,11,7,11,86,Sales Oliveira,3544905,RA de Franca,RM de Ribeirao Preto,True
3508,Ribeirão Preto,350031,Ribeirão Preto,0,2,1,0,3,3,0,0,5,1,3,1,19,Santa Cruz da Esperança,3546256,RA de Ribeirão Preto,RM de Ribeirao Preto,True
3508,Ribeirão Preto,350031,Ribeirão Preto,2,2,5,1,5,6,5,5,1,4,3,4,43,Santa Ernestina,3546504,RA Central,Demais municípios,True
3509,Araraquara,350036,Araraquara,7,6,5,1,3,3,1,2,4,2,1,0,35,Santa Lúcia,3546900,RA Central,Demais municípios,True
3509,Araraquara,350037,São Carlos,20,13,12,14,25,11,16,21,25,28,22,19,226,Santa Rita do Passa Quatro,3547502,RA Central,RM de Ribeirao Preto,True
3508,Ribeirão Preto,350031,Ribeirão Preto,16,7,10,17,11,6,8,10,10,11,12,12,130,Santa Rosa do Viterbo,3547601,RA de Ribeirão Preto,RM de Ribeirao Preto,True
3508,Ribeirão Preto,350031,Ribeirão Preto,3,6,8,2,5,2,4,4,2,1,6,6,49,Santo Antônio da Alegria,3547908,RA de Ribeirão Preto,RM de Ribeirao Preto,True
3508,Ribeirão Preto,350031,Ribeirão Preto,7,4,14,10,15,7,10,5,9,5,13,9,108,Serra Azul,3551405,RA de Ribeirão Preto,RM de Ribeirao Preto,True
3508,Ribeirão Preto,350031,Ribeirão Preto,35,35,37,26,32,17,36,21,22,32,18,30,341,Serrana,3551504,RA de Ribeirão Preto,RM de Ribeirao Preto,True
3508,Ribeirão Preto,350031,Ribeirão Preto,62,58,60,55,91,57,65,81,64,66,71,78,808,Sertãozinho,3551702,RA de Ribeirão Preto,RM de Ribeirao Preto,True
3508,Ribeirão Preto,350032,Barretos,6,6,7,7,6,1,5,5,5,3,16,5,72,Severínia,3551900,RA de Barretos,RM São José do Rio Preto,True
3509,Araraquara,350037,São Carlos,240,246,230,205,189,165,277,207,256,217,236,223,2691,São Carlos,3548906,RA Central,Demais municípios,True
3508,Ribeirão Preto,350034,São Joaquim da Barra ¿ Orlândia,28,26,33,20,28,34,43,35,33,37,52,42,411,São Joaquim da Barra,3549409,RA de Franca,Demais municípios,True
3508,Ribeirão Preto,350033,Franca,5,7,9,7,7,6,10,11,10,18,22,10,122,São José da Bela Vista,3549508,RA de Franca,Demais municípios,True
3508,Ribeirão Preto,350031,Ribeirão Preto,3,3,9,12,11,7,9,12,13,14,9,12,114,São Simão,3550902,RA de Ribeirão Preto,RM de Ribeirao Preto,True
3509,Araraquara,350036,Araraquara,11,8,9,15,42,33,34,18,22,21,23,18,254,Tabatinga,3552700,RA Central,Demais municípios,True
3508,Ribeirão Preto,350032,Barretos,8,6,0,1,2,4,5,0,3,8,8,10,55,Taiaçu,3553104,RA de Barretos,Demais municípios,True
3508,Ribeirão Preto,350032,Barretos,4,8,1,5,3,4,4,3,5,6,6,4,53,Taiúva,3553203,RA de Barretos,RM de Ribeirao Preto,True
3508,Ribeirão Preto,350032,Barretos,4,4,1,1,3,6,2,1,3,1,2,0,28,Taquaral,3553658,RA de Ribeirão Preto,RM de Ribeirao Preto,True
3509,Araraquara,350036,Araraquara,34,32,27,31,35,21,27,29,24,27,34,42,363,Taquaritinga,3553708,RA Central,Demais municípios,True
3508,Ribeirão Preto,350032,Barretos,9,2,2,7,4,1,5,2,5,11,10,5,63,Terra Roxa,3554409,RA de Barretos,Demais municípios,True
3509,Araraquara,350036,Araraquara,0,0,0,0,2,4,3,3,1,0,2,1,16,Trabiju,3554755,RA Central,Demais municípios,True
3508,Ribeirão Preto,350032,Barretos,10,7,10,6,12,9,7,17,14,15,15,17,139,Viradouro,3556800,RA de Barretos,Demais municípios,True
3507,São José do Rio Preto,350026,Catanduva,0,1,8,2,7,4,5,7,2,4,6,1,47,Vista Alegre do Alto,3556909,RA de Barretos,Demais municípios,True
3502,Sorocaba,350005,Registro,8,6,7,7,6,10,5,6,6,10,11,12,94,Barra do Turvo,3505401,RA de Registro,Demais municípios,True
3501,São Paulo,350002,Santos,103,95,53,71,83,81,76,69,82,61,84,124,982,Bertioga,3506359,RA de Santos,RM da Baixada Santista,True
3502,Sorocaba,350005,Registro,24,16,19,24,22,23,17,23,27,20,30,25,270,Cajati,3509254,RA de Registro,Demais municípios,True
3502,Sorocaba,350005,Registro,10,11,11,9,10,8,8,12,8,9,5,5,106,Cananéia,3509908,RA de Registro,Demais municípios,True
3501,São Paulo,350002,Santos,183,182,164,106,74,104,82,92,78,75,74,56,1270,Cubatão,3513504,RA de Santos,RM da Baixada Santista,True
3502,Sorocaba,350005,Registro,4,2,5,4,2,5,4,5,5,5,2,7,50,Eldorado,3514809,RA de Registro,Demais municípios,True
3501,São Paulo,350002,Santos,371,328,270,234,265,283,283,338,297,232,254,251,3406,Guarujá,3518701,RA de Santos,RM da Baixada Santista,True
3502,Sorocaba,350005,Registro,37,29,32,35,52,48,27,79,29,48,35,41,492,Iguape,3520301,RA de Registro,Demais municípios,True
3502,Sorocaba,350005,Registro,46,37,49,34,66,65,24,173,80,116,107,54,851,Ilha Comprida,3520426,RA de Registro,Demais municípios,True
3502,Sorocaba,350005,Registro,1,3,1,3,6,1,0,0,10,4,5,3,37,Iporanga,3521200,RA de Itapeva,Demais municípios,True
3501,São Paulo,350002,Santos,183,251,231,210,192,170,204,164,196,163,252,268,2484,Itanhaém,3522109,RA de Santos,RM da Baixada Santista,True
3501,São Paulo,350002,Santos,10,8,6,4,7,16,13,7,20,8,7,23,129,Itariri,3523305,RA de Registro,Demais municípios,True
3502,Sorocaba,350005,Registro,4,12,8,19,13,9,12,15,7,10,5,12,126,Jacupiranga,3524600,RA de Registro,Demais municípios,True
3502,Sorocaba,350005,Registro,20,16,18,18,26,15,22,23,30,25,10,16,239,Juquiá,3526100,RA de Registro,Demais municípios,True
3502,Sorocaba,350005,Registro,30,33,22,43,17,16,32,18,23,28,15,17,294,Miracatu,3529906,RA de Registro,Demais municípios,True
3501,São Paulo,350002,Santos,170,127,123,110,104,113,108,112,113,141,130,145,1496,Mongaguá,3531100,RA de Santos,RM da Baixada Santista,True
3502,Sorocaba,350005,Registro,20,17,19,27,22,6,11,6,6,12,14,10,170,Pariquera-Açu,3536208,RA de Registro,Demais municípios,True
3501,São Paulo,350002,Santos,5,5,15,7,13,10,9,8,12,19,19,17,139,Pedro de Toledo,3537206,RA de Registro,Demais municípios,True
3501,São Paulo,350002,Santos,197,139,144,117,73,96,178,130,158,151,166,170,1719,Peruíbe,3537602,RA de Santos,RM da Baixada Santista,True
3501,São Paulo,350002,Santos,498,405,392,392,371,365,403,388,446,510,508,512,5190,Praia Grande,3541000,RA de Santos,RM da Baixada Santista,True
3502,Sorocaba,350005,Registro,40,39,42,45,50,49,37,44,44,55,47,47,539,Registro,3542602,RA de Registro,Demais municípios,True
3501,São Paulo,350002,Santos,482,468,394,378,351,401,431,466,461,479,471,440,5222,Santos,3548500,RA de Santos,RM da Baixada Santista,True
3502,Sorocaba,350005,Registro,9,9,5,14,7,10,7,5,7,15,4,12,104,Sete Barras,3551801,RA de Registro,Demais municípios,True
3501,São Paulo,350002,Santos,224,275,247,283,307,317,298,396,452,339,367,302,3807,São Vicente,3551009,RA de Santos,RM da Baixada Santista,True
3502,Sorocaba,350006,Itapetininga,2,5,5,3,3,5,2,5,5,2,4,2,43,Alambari,3500758,RA de Sorocaba,RM de Sorocaba,True
3502,Sorocaba,350003,Sorocaba,9,8,4,6,10,7,3,12,4,7,10,10,90,Alumínio,3501152,RA de Sorocaba,RM de Sorocaba,True
3502,Sorocaba,350006,Itapetininga,18,17,11,11,14,8,14,20,40,17,14,9,193,Angatuba,3502200,RA de Itapeva,Demais municípios,True
3503,Bauru,350011,Botucatu,0,1,3,5,7,1,1,4,0,3,5,4,34,Anhembi,3502309,RA de Sorocaba,Demais municípios,True
3502,Sorocaba,350004,Itapeva,13,13,20,5,9,15,11,17,12,16,9,18,158,Apiaí,3502705,RA de Itapeva,Demais municípios,True
3502,Sorocaba,350007,Avaré,2,1,5,5,3,3,3,2,2,4,1,4,35,Arandu,3503109,RA de Itapeva,Demais municípios,True
3502,Sorocaba,350003,Sorocaba,11,14,19,24,25,14,9,18,13,18,30,10,205,Araçariguama,3502754,RA de Sorocaba,RM de Sorocaba,True
3502,Sorocaba,350003,Sorocaba,13,13,18,12,15,17,13,20,14,22,27,34,218,Araçoiaba da Serra,3502903,RA de Sorocaba,RM de Sorocaba,True
3503,Bauru,350011,Botucatu,7,7,2,3,0,8,3,4,5,4,3,2,48,Areiópolis,3503604,RA de Sorocaba,Demais municípios,True
3502,Sorocaba,350007,Avaré,38,43,49,47,46,53,53,59,43,40,49,48,568,Avaré,3504503,RA de Sorocaba,Demais municípios,True
3502,Sorocaba,350004,Itapeva,2,2,0,1,2,2,6,1,0,2,1,2,21,Barra do Chapéu,3505351,RA de Itapeva,Demais municípios,True
3502,Sorocaba,350004,Itapeva,0,0,0,1,1,0,1,0,2,0,0,3,8,Barão de Antonina,3505005,RA de Itapeva,Demais municípios,True
3503,Bauru,350011,Botucatu,3,3,5,4,3,8,6,7,11,9,11,0,70,Bofete,3506904,RA de Sorocaba,Demais municípios,True
3502,Sorocaba,350003,Sorocaba,56,40,39,33,76,48,41,48,62,76,101,74,694,Boituva,3507001,RA de Sorocaba,RM de Sorocaba,True
3502,Sorocaba,350004,Itapeva,1,2,2,0,0,2,1,1,2,2,1,1,15,Bom Sucesso de Itararé,3507159,RA de Itapeva,Demais municípios,True
3503,Bauru,350011,Botucatu,66,64,55,50,56,78,74,92,111,80,89,113,928,Botucatu,3507506,RA de Sorocaba,Demais municípios,True
3502,Sorocaba,350004,Itapeva,11,18,11,17,16,15,9,6,9,11,8,3,134,Buri,3508009,RA de Itapeva,Demais municípios,True
3502,Sorocaba,350006,Itapetininga,5,6,7,11,6,7,3,2,1,1,8,3,60,Campina do Monte Alegre,3509452,RA de Itapeva,Demais municípios,True
3502,Sorocaba,350003,Sorocaba,14,14,11,15,20,16,11,21,12,12,11,19,176,Capela do Alto,3510302,RA de Sorocaba,RM de Sorocaba,True
3502,Sorocaba,350004,Itapeva,32,32,18,26,28,40,35,34,47,46,34,28,400,Capão Bonito,3510203,RA de Itapeva,Demais municípios,True
3502,Sorocaba,350007,Avaré,10,9,16,12,11,13,11,16,19,28,17,15,177,Cerqueira César,3511409,RA de Sorocaba,Demais municípios,True
3502,Sorocaba,350003,Sorocaba,7,20,25,14,22,23,34,13,19,14,13,22,226,Cerquilho,3511508,RA de Sorocaba,RM de Sorocaba,True
3502,Sorocaba,350008,Tatuí,18,9,10,7,6,7,6,7,4,11,19,8,112,Cesário Lange,3511607,RA de Sorocaba,RM de Sorocaba,True
3503,Bauru,350011,Botucatu,11,15,9,13,6,8,10,7,9,7,11,8,114,Conchas,3512308,RA de Sorocaba,Demais municípios,True
3502,Sorocaba,350007,Avaré,1,1,4,2,1,1,1,0,0,0,1,3,15,Coronel Macedo,3512605,RA de Itapeva,Demais municípios,True
3504,Marília,350017,Piraju,5,10,15,10,16,5,8,12,9,3,11,9,113,Fartura,3515400,RA de Itapeva,Demais municípios,True
3502,Sorocaba,350004,Itapeva,6,5,9,16,6,6,9,9,8,5,21,2,102,Guapiara,3517604,RA de Itapeva,Demais municípios,True
3502,Sorocaba,350006,Itapetininga,4,3,7,4,3,5,3,3,5,6,5,4,52,Guareí,3518503,RA de Sorocaba,Demais municípios,True
3502,Sorocaba,350007,Avaré,1,0,1,1,3,1,6,4,0,1,2,1,21,Iaras,3519253,RA de Sorocaba,Demais municípios,True
3502,Sorocaba,350003,Sorocaba,32,29,32,45,35,52,42,41,41,73,66,53,541,Ibiúna,3519709,RA de Sorocaba,RM de Sorocaba,True
3502,Sorocaba,350003,Sorocaba,18,21,9,24,18,16,13,7,29,14,15,12,196,Iperó,3521002,RA de Sorocaba,RM de Sorocaba,True
3502,Sorocaba,350004,Itapeva,2,4,4,4,7,3,3,3,5,1,4,4,44,Itaberá,3521705,RA de Itapeva,Demais municípios,True
3502,Sorocaba,350006,Itapetininga,113,111,128,120,126,121,123,125,151,190,143,123,1574,Itapetininga,3522307,RA de Sorocaba,RM de Sorocaba,True
3502,Sorocaba,350004,Itapeva,60,50,58,41,46,62,32,44,60,49,42,53,597,Itapeva,3522406,RA de Itapeva,Demais municípios,True
3502,Sorocaba,350004,Itapeva,0,0,3,1,2,1,2,9,4,4,1,0,27,Itapirapuã Paulista,3522653,RA de Itapeva,Demais municípios,True
3502,Sorocaba,350004,Itapeva,3,2,4,1,6,16,6,4,7,8,4,5,66,Itaporanga,3522802,RA de Itapeva,Demais municípios,True
3502,Sorocaba,350004,Itapeva,24,20,15,24,31,47,19,32,29,32,35,27,335,Itararé,3523206,RA de Itapeva,Demais municípios,True
3503,Bauru,350011,Botucatu,9,8,13,12,6,3,15,11,8,6,14,4,109,Itatinga,3523503,RA de Sorocaba,Demais municípios,True
3502,Sorocaba,350007,Avaré,19,8,14,12,11,12,16,16,11,28,25,20,192,Itaí,3521804,RA de Itapeva,Demais municípios,True
3502,Sorocaba,350004,Itapeva,1,0,1,0,0,0,0,1,2,0,0,1,6,Itaóca,3522158,RA de Itapeva,Demais municípios,True
3502,Sorocaba,350003,Sorocaba,67,71,88,79,73,78,50,66,94,74,81,103,924,Itu,3523909,RA de Sorocaba,RM de Sorocaba,True
3502,Sorocaba,350003,Sorocaba,2,0,1,3,1,5,3,2,0,0,1,4,22,Jumirim,3525854,RA de Sorocaba,RM de Sorocaba,True
3510,Campinas,350040,Piracicaba,17,19,23,24,20,24,23,41,15,18,20,16,260,Laranjal Paulista,3526407,RA de Sorocaba,Demais municípios,True
3502,Sorocaba,350003,Sorocaba,25,27,18,15,24,19,26,16,28,29,25,46,298,Mairinque,3528403,RA de Sorocaba,RM de Sorocaba,True
3502,Sorocaba,350007,Avaré,3,3,4,2,3,4,3,3,3,2,0,9,39,Manduri,3528601,RA de Sorocaba,Demais municípios,True
3502,Sorocaba,350004,Itapeva,1,5,2,3,3,1,0,3,4,2,7,5,36,Nova Campina,3532827,RA de Itapeva,Demais municípios,True
3502,Sorocaba,350007,Avaré,8,10,9,4,9,6,14,16,20,15,13,7,131,Paranapanema,3535804,RA de Itapeva,Demais municípios,True
3503,Bauru,350011,Botucatu,2,3,2,2,3,10,1,2,2,5,4,2,38,Pardinho,3536109,RA de Sorocaba,Demais municípios,True
3502,Sorocaba,350008,Tatuí,0,7,4,2,8,4,1,6,5,4,10,1,52,Pereiras,3537503,RA de Sorocaba,Demais municípios,True
3502,Sorocaba,350003,Sorocaba,23,18,20,39,17,23,20,36,46,32,51,25,350,Piedade,3537800,RA de Sorocaba,RM de Sorocaba,True
3502,Sorocaba,350003,Sorocaba,13,5,6,9,15,16,9,9,15,12,14,12,135,Pilar do Sul,3537909,RA de Sorocaba,RM de Sorocaba,True
3504,Marília,350017,Piraju,10,12,8,18,12,5,15,22,15,16,14,17,164,Piraju,3538808,RA de Itapeva,Demais municípios,True
3502,Sorocaba,350008,Tatuí,3,10,3,3,3,6,2,9,4,6,10,8,67,Porangaba,3540507,RA de Sorocaba,Demais municípios,True
3502,Sorocaba,350003,Sorocaba,19,11,11,11,12,13,25,20,19,18,18,65,242,Porto Feliz,3540606,RA de Sorocaba,RM de Sorocaba,True
3503,Bauru,350011,Botucatu,1,1,2,1,2,5,11,0,1,6,4,7,41,Pratânia,3541059,RA de Sorocaba,Demais municípios,True
3502,Sorocaba,350008,Tatuí,0,2,3,0,1,5,4,0,0,4,1,3,23,Quadra,3541653,RA de Sorocaba,Demais municípios,True
3502,Sorocaba,350004,Itapeva,2,1,2,1,1,2,0,0,1,1,1,0,12,Ribeira,3542800,RA de Itapeva,Demais municípios,True
3502,Sorocaba,350004,Itapeva,4,3,6,7,3,5,7,10,10,8,8,8,79,Ribeirão Branco,3543006,RA de Itapeva,Demais municípios,True
3502,Sorocaba,350004,Itapeva,4,7,2,5,4,1,9,11,4,4,5,2,58,Ribeirão Grande,3543253,RA de Itapeva,Demais municípios,True
3502,Sorocaba,350004,Itapeva,1,4,2,3,3,2,5,1,5,0,3,1,30,Riversul,3543501,RA de Itapeva,Demais municípios,True
3502,Sorocaba,350003,Sorocaba,48,59,55,47,31,40,45,52,66,41,43,60,587,Salto,3545209,RA de Sorocaba,RM de Sorocaba,True
3502,Sorocaba,350003,Sorocaba,21,22,18,26,17,15,23,35,28,33,36,25,299,Salto de Pirapora,3545308,RA de Sorocaba,RM de Sorocaba,True
3502,Sorocaba,350003,Sorocaba,8,3,8,5,8,11,15,7,8,13,13,7,106,Sarapuí,3551108,RA de Sorocaba,RM de Sorocaba,True
3504,Marília,350017,Piraju,1,1,3,3,2,0,3,1,2,5,1,5,27,Sarutaiá,3551207,RA de Itapeva,Demais municípios,True
3502,Sorocaba,350003,Sorocaba,464,507,455,503,470,521,535,549,589,760,747,773,6873,Sorocaba,3552205,RA de Sorocaba,RM de Sorocaba,True
3503,Bauru,350011,Botucatu,35,32,34,18,17,31,33,45,19,18,31,16,329,São Manuel,3550100,RA de Sorocaba,Demais municípios,True
3502,Sorocaba,350006,Itapetininga,24,32,26,30,32,19,20,27,23,30,40,23,326,São Miguel Arcanjo,3550209,RA de Sorocaba,RM de Sorocaba,True
3502,Sorocaba,350003,Sorocaba,47,45,41,45,54,46,37,28,52,34,48,79,556,São Roque,3550605,RA de Sorocaba,RM de Sorocaba,True
3502,Sorocaba,350007,Avaré,5,11,8,2,5,2,2,11,6,4,12,8,76,Taguaí,3553005,RA de Itapeva,Demais municípios,True
3502,Sorocaba,350003,Sorocaba,3,8,8,10,3,7,6,4,5,3,10,7,74,Tapiraí,3553500,RA de Sorocaba,RM de Sorocaba,True
3502,Sorocaba,350007,Avaré,11,12,8,13,9,21,6,15,25,8,10,19,157,Taquarituba,3553807,RA de Itapeva,Demais municípios,True
3502,Sorocaba,350004,Itapeva,2,0,3,1,2,0,2,1,5,6,1,2,25,Taquarivaí,3553856,RA de Itapeva,Demais municípios,True
3502,Sorocaba,350008,Tatuí,50,73,54,60,52,53,67,70,75,73,71,73,771,Tatuí,3554003,RA de Sorocaba,RM de Sorocaba,True
3504,Marília,350017,Piraju,2,1,7,4,2,3,1,4,3,2,2,7,38,Tejupá,3554201,RA de Itapeva,Demais municípios,True
3502,Sorocaba,350003,Sorocaba,16,22,16,21,24,17,17,22,20,20,21,17,233,Tietê,3554508,RA de Sorocaba,RM de Sorocaba,True
3502,Sorocaba,350008,Tatuí,1,0,1,0,1,1,1,2,0,0,1,0,8,Torre de Pedra,3554656,RA de Sorocaba,Demais municípios,True
3502,Sorocaba,350003,Sorocaba,75,84,65,65,85,64,74,99,93,62,104,79,949,Votorantim,3557006,RA de Sorocaba,RM de Sorocaba,True
3502,Sorocaba,350007,Avaré,2,6,6,3,3,7,5,11,3,5,4,4,59,Águas de Santa Bárbara,3500550,RA de Sorocaba,Demais municípios,True
3507,São José do Rio Preto,350025,São José do Rio Preto,2,2,3,5,0,6,1,6,2,7,10,4,48,Adolfo,3500204,RA de São José do Rio Preto,RM São José do Rio Preto,True
3507,São José do Rio Preto,350027,Votuporanga,5,4,3,1,4,3,3,2,1,3,1,1,31,Américo de Campos,3501806,RA de São José do Rio Preto,Demais municípios,True
3507,São José do Rio Preto,350028,Jales,1,3,5,2,1,0,1,0,0,5,3,2,23,Aparecida d'Oeste,3502606,RA de São José do Rio Preto,Demais municípios,True
3507,São José do Rio Preto,350026,Catanduva,0,6,1,1,2,3,4,1,6,14,6,5,49,Ariranha,3503703,RA de São José do Rio Preto,Demais municípios,True
3507,São José do Rio Preto,350028,Jales,0,0,0,0,2,0,0,0,0,0,0,0,2,Aspásia,3503950,RA de São José do Rio Preto,Demais municípios,True
3507,São José do Rio Preto,350025,São José do Rio Preto,21,21,12,18,11,14,14,18,11,14,16,13,183,Bady Bassitt,3504602,RA de São José do Rio Preto,RM São José do Rio Preto,True
3507,São José do Rio Preto,350025,São José do Rio Preto,10,5,6,11,4,4,1,1,5,5,11,3,66,Bálsamo,3504800,RA de São José do Rio Preto,RM São José do Rio Preto,True
3507,São José do Rio Preto,350027,Votuporanga,16,10,21,6,11,4,10,7,9,11,18,12,135,Cardoso,3510708,RA de São José do Rio Preto,Demais municípios,True
3507,São José do Rio Preto,350026,Catanduva,70,64,60,61,66,61,66,81,75,67,77,58,806,Catanduva,3511102,RA de São José do Rio Preto,Demais municípios,True
3507,São José do Rio Preto,350026,Catanduva,2,2,4,1,2,4,7,6,8,3,2,4,45,Catiguá,3511201,RA de São José do Rio Preto,Demais municípios,True
3507,São José do Rio Preto,350025,São José do Rio Preto,13,8,11,7,6,4,9,8,13,4,22,12,117,Cedral,3511300,RA de São José do Rio Preto,RM São José do Rio Preto,True
3507,São José do Rio Preto,350027,Votuporanga,4,5,7,18,12,7,9,7,6,15,11,10,111,Cosmorama,3512902,RA de São José do Rio Preto,Demais municípios,True
3507,São José do Rio Preto,350028,Jales,0,1,0,1,1,3,0,0,0,0,0,1,7,Dirce Reis,3513850,RA de São José do Rio Preto,Demais municípios,True
3507,São José do Rio Preto,350028,Jales,1,1,3,0,0,1,1,5,0,2,3,1,18,Dolcinópolis,3514205,RA de São José do Rio Preto,Demais municípios,True
3507,São José do Rio Preto,350026,Catanduva,2,0,0,2,1,2,2,0,1,0,3,0,13,Elisiário,3514924,RA de São José do Rio Preto,Demais municípios,True
3507,São José do Rio Preto,350029,Fernandópolis,3,10,9,5,4,4,4,9,6,6,12,9,81,Estrela d'Oeste,3515202,RA de São José do Rio Preto,Demais municípios,True
3507,São José do Rio Preto,350029,Fernandópolis,38,34,50,37,48,43,29,33,47,29,48,52,488,Fernandópolis,3515509,RA de São José do Rio Preto,Demais municípios,True
3507,São José do Rio Preto,350027,Votuporanga,2,3,4,2,2,0,1,3,2,5,3,1,28,Floreal,3515905,RA de São José do Rio Preto,Demais municípios,True
3507,São José do Rio Preto,350025,São José do Rio Preto,8,5,12,7,16,6,17,15,18,7,6,16,133,Guapiaçu,3517505,RA de São José do Rio Preto,RM São José do Rio Preto,True
3507,São José do Rio Preto,350029,Fernandópolis,1,1,1,2,1,0,0,2,1,2,1,1,13,Guarani d'Oeste,3518008,RA de São José do Rio Preto,Demais municípios,True
3507,São José do Rio Preto,350025,São José do Rio Preto,2,5,3,8,9,5,8,6,9,3,6,11,75,Ibirá,3519402,RA de São José do Rio Preto,RM São José do Rio Preto,True
3507,São José do Rio Preto,350025,São José do Rio Preto,2,3,1,2,6,2,3,2,3,2,4,4,34,Icém,3519808,RA de São José do Rio Preto,RM São José do Rio Preto,True
3507,São José do Rio Preto,350029,Fernandópolis,1,1,11,5,5,3,2,3,6,5,1,3,46,Indiaporã,3520707,RA de São José do Rio Preto,Demais municípios,True
3507,São José do Rio Preto,350025,São José do Rio Preto,5,2,3,5,5,5,2,0,2,4,4,3,40,Ipiguá,3521150,RA de São José do Rio Preto,RM São José do Rio Preto,True
3507,São José do Rio Preto,350025,São José do Rio Preto,5,2,8,5,8,10,2,2,4,1,2,2,51,Irapuã,3521507,RA de São José do Rio Preto,RM São José do Rio Preto,True
3507,São José do Rio Preto,350026,Catanduva,2,7,11,11,12,8,4,12,5,10,7,5,94,Itajobi,3521903,RA de São José do Rio Preto,Demais municípios,True
3507,São José do Rio Preto,350025,São José do Rio Preto,4,4,3,1,1,1,2,2,2,1,1,1,23,Jaci,3524501,RA de São José do Rio Preto,RM São José do Rio Preto,True
3507,São José do Rio Preto,350028,Jales,32,17,29,24,26,31,44,30,28,46,60,54,421,Jales,3524808,RA de São José do Rio Preto,Demais municípios,True
3507,São José do Rio Preto,350025,São José do Rio Preto,30,28,48,39,34,26,38,37,46,36,29,26,417,José Bonifácio,3525706,RA de São José do Rio Preto,RM São José do Rio Preto,True
3507,São José do Rio Preto,350025,São José do Rio Preto,3,3,5,5,3,6,4,3,2,1,2,8,45,Macaubal,3528106,RA de São José do Rio Preto,RM São José do Rio Preto,True
3507,São José do Rio Preto,350029,Fernandópolis,0,2,1,0,4,3,0,6,5,2,4,1,28,Macedônia,3528205,RA de São José do Rio Preto,Demais municípios,True
3506,Araçatuba,350022,Araçatuba,3,0,1,1,2,2,2,0,2,0,0,0,13,Magda,3528304,RA de São José do Rio Preto,Demais municípios,True
3507,São José do Rio Preto,350026,Catanduva,0,1,1,4,0,0,0,1,1,1,0,3,12,Marapoama,3528858,RA de São José do Rio Preto,Demais municípios,True
3507,São José do Rio Preto,350028,Jales,0,0,1,0,3,0,1,0,0,1,2,0,8,Marinópolis,3529104,RA de São José do Rio Preto,Demais municípios,True
3507,São José do Rio Preto,350025,São José do Rio Preto,9,4,5,7,9,6,8,5,3,10,3,5,74,Mendonça,3529500,RA de São José do Rio Preto,RM São José do Rio Preto,True
3507,São José do Rio Preto,350029,Fernandópolis,2,1,1,1,1,1,2,2,4,4,3,1,23,Meridiano,3529609,RA de São José do Rio Preto,Demais municípios,True
3507,São José do Rio Preto,350028,Jales,0,2,1,0,0,4,1,0,0,2,2,0,12,Mesópolis,3529658,RA de São José do Rio Preto,Demais municípios,True
3507,São José do Rio Preto,350029,Fernandópolis,5,3,5,4,0,2,2,1,2,2,2,1,29,Mira Estrela,3530003,RA de São José do Rio Preto,Demais municípios,True
3507,São José do Rio Preto,350025,São José do Rio Preto,30,26,35,38,38,36,36,33,39,25,24,23,383,Mirassol,3530300,RA de São José do Rio Preto,RM São José do Rio Preto,True
3507,São José do Rio Preto,350025,São José do Rio Preto,1,2,3,4,2,3,3,1,2,0,3,1,25,Mirassolândia,3530409,RA de São José do Rio Preto,RM São José do Rio Preto,True
3507,São José do Rio Preto,350025,São José do Rio Preto,14,15,14,14,19,10,24,21,35,29,25,19,239,Monte Aprazível,3531407,RA de São José do Rio Preto,RM São José do Rio Preto,True
3506,Araçatuba,350022,Araçatuba,0,0,3,0,3,2,0,1,1,0,1,1,12,Monções,3531001,RA de São José do Rio Preto,Demais municípios,True
3507,São José do Rio Preto,350025,São José do Rio Preto,5,4,6,3,1,1,2,4,1,1,1,6,35,Neves Paulista,3532504,RA de São José do Rio Preto,RM São José do Rio Preto,True
3507,São José do Rio Preto,350027,Votuporanga,1,6,12,5,4,7,3,4,1,8,3,7,61,Nhandeara,3532603,RA de São José do Rio Preto,Demais municípios,True
3507,São José do Rio Preto,350025,São José do Rio Preto,4,3,1,5,3,1,5,4,4,3,2,2,37,Nipoã,3532702,RA de São José do Rio Preto,RM São José do Rio Preto,True
3507,São José do Rio Preto,350025,São José do Rio Preto,6,2,3,5,2,3,2,0,4,2,4,4,37,Nova Aliança,3532801,RA de São José do Rio Preto,RM São José do Rio Preto,True
3507,São José do Rio Preto,350030,Santa Fé do Sul,0,0,1,0,0,2,3,0,0,1,0,1,8,Nova Canaã Paulista,3532843,RA de São José do Rio Preto,Demais municípios,True
3507,São José do Rio Preto,350025,São José do Rio Preto,10,8,3,20,18,11,16,8,14,18,12,11,149,Nova Granada,3533007,RA de São José do Rio Preto,RM São José do Rio Preto,True
3507,São José do Rio Preto,350026,Catanduva,1,0,1,4,4,0,3,2,3,2,2,1,23,Novais,3533254,RA de São José do Rio Preto,Demais municípios,True
3507,São José do Rio Preto,350025,São José do Rio Preto,30,22,36,14,21,15,34,31,22,29,35,49,338,Novo Horizonte,3533502,RA de São José do Rio Preto,Demais municípios,True
3507,São José do Rio Preto,350025,São José do Rio Preto,4,4,3,5,5,6,3,3,4,3,3,12,55,Onda Verde,3534005,RA de São José do Rio Preto,RM São José do Rio Preto,True
3507,São José do Rio Preto,350025,São José do Rio Preto,1,1,2,1,2,3,6,5,3,5,2,5,36,Orindiúva,3534203,RA de São José do Rio Preto,RM São José do Rio Preto,True
3507,São José do Rio Preto,350029,Fernandópolis,9,7,6,13,10,16,11,10,9,8,7,4,110,Ouroeste,3534757,RA de São José do Rio Preto,Demais municípios,True
3507,São José do Rio Preto,350025,São José do Rio Preto,5,7,3,2,5,4,6,5,13,4,5,7,66,Palestina,3535002,RA de São José do Rio Preto,RM São José do Rio Preto,True
3507,São José do Rio Preto,350026,Catanduva,3,5,4,5,3,2,3,1,1,1,2,4,34,Palmares Paulista,3535101,RA de São José do Rio Preto,Demais municípios,True
3507,São José do Rio Preto,350028,Jales,1,3,3,1,2,5,2,3,3,3,8,6,40,Palmeira d'Oeste,3535200,RA de São José do Rio Preto,Demais municípios,True
3507,São José do Rio Preto,350028,Jales,5,1,3,2,2,0,0,6,10,4,4,3,40,Paranapuã,3535903,RA de São José do Rio Preto,Demais municípios,True
3507,São José do Rio Preto,350026,Catanduva,3,0,2,4,4,1,2,2,1,2,3,4,28,Paraíso,3535705,RA de São José do Rio Preto,Demais municípios,True
3507,São José do Rio Preto,350027,Votuporanga,0,2,2,4,1,1,4,1,2,2,5,2,26,Parisi,3536257,RA de São José do Rio Preto,Demais municípios,True
3507,São José do Rio Preto,350025,São José do Rio Preto,2,3,2,2,4,2,1,1,1,2,6,1,27,Paulo de Faria,3536604,RA de São José do Rio Preto,RM São José do Rio Preto,True
3507,São José do Rio Preto,350029,Fernandópolis,1,2,0,0,3,1,0,1,1,2,0,0,11,Pedranópolis,3536901,RA de São José do Rio Preto,Demais municípios,True
3507,São José do Rio Preto,350026,Catanduva,11,11,9,7,12,7,7,11,6,4,11,4,100,Pindorama,3538105,RA de São José do Rio Preto,Demais municípios,True
3507,São José do Rio Preto,350025,São José do Rio Preto,1,3,3,0,3,7,2,3,1,2,5,5,35,Planalto,3539608,RA de São José do Rio Preto,RM São José do Rio Preto,True
3507,São José do Rio Preto,350025,São José do Rio Preto,4,3,1,3,2,2,2,4,5,3,3,3,35,Poloni,3539905,RA de São José do Rio Preto,RM São José do Rio Preto,True
3507,São José do Rio Preto,350028,Jales,0,1,3,6,3,2,1,3,2,2,6,2,31,Pontalinda,3540259,RA de São José do Rio Preto,Demais municípios,True
3507,São José do Rio Preto,350027,Votuporanga,1,5,1,2,0,3,1,3,4,5,2,2,29,Pontes Gestal,3540309,RA de São José do Rio Preto,Demais municípios,True
3507,São José do Rio Preto,350028,Jales,1,3,0,2,3,7,2,3,1,1,1,5,29,Populina,3540408,RA de São José do Rio Preto,Demais municípios,True
3507,São José do Rio Preto,350025,São José do Rio Preto,5,10,3,13,17,13,17,14,15,13,14,14,148,Potirendaba,3540804,RA de São José do Rio Preto,RM São José do Rio Preto,True
3507,São José do Rio Preto,350027,Votuporanga,6,6,5,6,2,1,5,5,6,5,4,5,56,Riolândia,3544202,RA de São José do Rio Preto,Demais municípios,True
3507,São José do Rio Preto,350030,Santa Fé do Sul,0,8,2,3,2,2,1,1,2,1,6,1,29,Rubinéia,3544509,RA de São José do Rio Preto,Demais municípios,True
3507,São José do Rio Preto,350025,São José do Rio Preto,0,1,4,4,3,3,3,2,6,1,6,10,43,Sales,3544806,RA de São José do Rio Preto,RM São José do Rio Preto,True
3507,São José do Rio Preto,350026,Catanduva,6,10,6,9,4,6,7,8,8,5,8,9,86,Santa Adélia,3545605,RA de São José do Rio Preto,Demais municípios,True
3507,São José do Rio Preto,350028,Jales,5,0,1,4,1,2,0,6,2,1,3,1,26,Santa Albertina,3545704,RA de São José do Rio Preto,Demais municípios,True
3507,São José do Rio Preto,350030,Santa Fé do Sul,1,1,2,0,0,2,0,1,0,1,1,2,11,Santa Clara d'Oeste,3546108,RA de São José do Rio Preto,Demais municípios,True
3507,São José do Rio Preto,350030,Santa Fé do Sul,30,33,45,46,29,25,28,34,29,59,44,27,429,Santa Fé do Sul,3546603,RA de São José do Rio Preto,Demais municípios,True
3507,São José do Rio Preto,350030,Santa Fé do Sul,1,0,0,0,1,1,0,1,2,1,2,0,9,Santa Rita d'Oeste,3547403,RA de São José do Rio Preto,Demais municípios,True
3507,São José do Rio Preto,350028,Jales,1,1,1,0,3,0,2,1,4,3,1,1,18,Santa Salete,3547650,RA de São José do Rio Preto,Demais municípios,True
3507,São José do Rio Preto,350030,Santa Fé do Sul,1,0,1,2,0,0,1,1,0,0,0,0,6,Santana da Ponte Pensa,3547205,RA de São José do Rio Preto,Demais municípios,True
3507,São José do Rio Preto,350027,Votuporanga,1,5,3,0,2,2,1,0,1,6,4,7,32,Sebastianópolis do Sul,3551306,RA de São José do Rio Preto,Demais municípios,True
3507,São José do Rio Preto,350028,Jales,3,0,2,0,0,2,3,0,2,2,3,1,18,São Francisco,3549003,RA de São José do Rio Preto,Demais municípios,True
3507,São José do Rio Preto,350025,São José do Rio Preto,455,396,326,355,367,362,406,415,454,473,642,572,5223,São José do Rio Preto,3549805,RA de São José do Rio Preto,RM São José do Rio Preto,True
3507,São José do Rio Preto,350029,Fernandópolis,4,1,3,0,0,2,1,2,1,2,1,1,18,São João das Duas Pontes,3549201,RA de São José do Rio Preto,Demais municípios,True
3507,São José do Rio Preto,350026,Catanduva,3,4,4,5,2,10,2,4,7,6,4,4,55,Tabapuã,3552601,RA de São José do Rio Preto,Demais municípios,True
3507,São José do Rio Preto,350025,São José do Rio Preto,14,26,23,18,16,12,23,16,28,24,17,35,252,Tanabi,3553401,RA de São José do Rio Preto,RM São José do Rio Preto,True
3507,São José do Rio Preto,350030,Santa Fé do Sul,6,11,4,3,4,2,2,1,3,4,3,2,45,Três Fronteiras,3554904,RA de São José do Rio Preto,Demais municípios,True
3507,São José do Rio Preto,350028,Jales,0,1,0,0,0,3,3,0,1,0,2,0,10,Turmalina,3555307,RA de São José do Rio Preto,Demais municípios,True
3507,São José do Rio Preto,350025,São José do Rio Preto,2,4,3,4,1,6,2,7,1,2,5,3,40,Ubarana,3555356,RA de São José do Rio Preto,RM São José do Rio Preto,True
3507,São José do Rio Preto,350025,São José do Rio Preto,4,3,9,15,6,4,3,10,3,4,4,8,73,Uchôa,3555604,RA de São José do Rio Preto,RM São José do Rio Preto,True
3507,São José do Rio Preto,350025,São José do Rio Preto,0,0,0,1,0,0,1,1,0,1,0,0,4,União Paulista,3555703,RA de São José do Rio Preto,RM São José do Rio Preto,True
3507,São José do Rio Preto,350025,São José do Rio Preto,3,5,6,4,4,4,10,3,4,7,3,6,59,Urupês,3556008,RA de São José do Rio Preto,RM São José do Rio Preto,True
3507,São José do Rio Preto,350028,Jales,2,3,10,3,4,2,5,3,5,6,2,6,51,Urânia,3555802,RA de São José do Rio Preto,Demais municípios,True
3507,São José do Rio Preto,350027,Votuporanga,6,8,6,10,4,6,4,5,8,3,10,2,72,Valentim Gentil,3556107,RA de São José do Rio Preto,Demais municípios,True
3507,São José do Rio Preto,350028,Jales,0,2,1,0,1,0,2,2,0,0,0,0,8,Vitória Brasil,3556958,RA de São José do Rio Preto,Demais municípios,True
3507,São José do Rio Preto,350027,Votuporanga,77,71,55,52,54,80,62,56,70,84,86,133,880,Votuporanga,3557105,RA de São José do Rio Preto,Demais municípios,True
3506,Araçatuba,350023,Birigui - Penápolis,1,1,1,2,3,2,3,1,0,3,1,4,22,Zacarias,3557154,RA de São José do Rio Preto,RM São José do Rio Preto,True
3507,São José do Rio Preto,350027,Votuporanga,1,0,3,2,3,4,2,6,4,7,10,2,44,Álvares Florence,3501202,RA de São José do Rio Preto,Demais municípios,True
3511,São José dos Campos,350052,Guaratinguetá,45,21,37,27,27,23,22,37,31,112,52,79,513,Aparecida,3502507,RA de São José dos Campos,RM do Vale do Paraiba e Litoral Norte,True
3511,São José dos Campos,350053,Cruzeiro,0,1,2,1,1,0,0,0,1,1,0,0,7,Arapeí,3503158,RA de São José dos Campos,RM do Vale do Paraiba e Litoral Norte,True
3511,São José dos Campos,350053,Cruzeiro,3,2,1,0,0,1,1,7,3,1,3,3,25,Areias,3503505,RA de São José dos Campos,RM do Vale do Paraiba e Litoral Norte,True
3511,São José dos Campos,350053,Cruzeiro,1,2,2,3,3,2,4,3,3,4,3,3,33,Bananal,3504909,RA de São José dos Campos,RM do Vale do Paraiba e Litoral Norte,True
3511,São José dos Campos,350053,Cruzeiro,11,19,20,14,24,26,13,22,13,20,23,38,243,Cachoeira Paulista,3508603,RA de São José dos Campos,RM do Vale do Paraiba e Litoral Norte,True
3511,São José dos Campos,350050,Taubaté - Pindamonhangaba,34,17,18,24,24,31,29,48,37,26,36,37,361,Campos do Jordão,3509700,RA de São José dos Campos,RM do Vale do Paraiba e Litoral Norte,True
3511,São José dos Campos,350052,Guaratinguetá,2,2,3,1,0,2,2,3,3,2,5,2,27,Canas,3509957,RA de São José dos Campos,RM do Vale do Paraiba e Litoral Norte,True
3511,São José dos Campos,350051,Caraguatatuba - Ubatuba - São Sebastião,139,111,150,106,148,155,93,153,153,112,140,105,1565,Caraguatatuba,3510500,RA de São José dos Campos,RM do Vale do Paraiba e Litoral Norte,True
3511,São José dos Campos,350049,São José dos Campos,80,71,89,67,51,58,55,72,58,53,71,58,783,Caçapava,3508504,RA de São José dos Campos,RM do Vale do Paraiba e Litoral Norte,True
3511,São José dos Campos,350053,Cruzeiro,50,47,41,44,36,38,50,50,66,51,48,44,565,Cruzeiro,3513405,RA de São José dos Campos,RM do Vale do Paraiba e Litoral Norte,True
3511,São José dos Campos,350052,Guaratinguetá,8,9,7,10,6,6,11,9,9,9,8,9,101,Cunha,3513603,RA de São José dos Campos,RM do Vale do Paraiba e Litoral Norte,True
3511,São José dos Campos,350052,Guaratinguetá,64,60,76,80,99,91,81,90,117,102,122,104,1086,Guaratinguetá,3518404,RA de São José dos Campos,RM do Vale do Paraiba e Litoral Norte,True
3511,São José dos Campos,350049,São José dos Campos,11,9,8,2,6,12,7,12,20,17,12,13,129,Igaratá,3520202,RA de São José dos Campos,RM do Vale do Paraiba e Litoral Norte,True
3511,São José dos Campos,350051,Caraguatatuba - Ubatuba - São Sebastião,32,44,39,28,28,23,27,20,27,26,26,38,358,Ilhabela,3520400,RA de São José dos Campos,RM do Vale do Paraiba e Litoral Norte,True
3511,São José dos Campos,350049,São José dos Campos,82,89,152,141,149,132,135,156,150,162,184,210,1742,Jacareí,3524402,RA de São José dos Campos,RM do Vale do Paraiba e Litoral Norte,True
3511,São José dos Campos,350049,São José dos Campos,5,6,4,5,6,5,3,6,5,7,5,9,66,Jambeiro,3524907,RA de São José dos Campos,RM do Vale do Paraiba e Litoral Norte,True
3511,São José dos Campos,350050,Taubaté - Pindamonhangaba,3,7,7,2,2,3,2,5,1,1,1,1,35,Lagoinha,3526308,RA de São José dos Campos,RM do Vale do Paraiba e Litoral Norte,True
3511,São José dos Campos,350053,Cruzeiro,2,6,4,2,1,15,5,10,3,7,8,4,67,Lavrinhas,3526605,RA de São José dos Campos,RM do Vale do Paraiba e Litoral Norte,True
3511,São José dos Campos,350052,Guaratinguetá,48,40,42,62,60,59,46,55,42,45,100,43,642,Lorena,3527207,RA de São José dos Campos,RM do Vale do Paraiba e Litoral Norte,True
3511,São José dos Campos,350049,São José dos Campos,4,2,3,9,2,5,1,5,7,5,4,8,55,Monteiro Lobato,3531704,RA de São José dos Campos,RM do Vale do Paraiba e Litoral Norte,True
3511,São José dos Campos,350050,Taubaté - Pindamonhangaba,5,5,2,7,3,4,5,2,4,5,5,5,52,Natividade da Serra,3532306,RA de São José dos Campos,RM do Vale do Paraiba e Litoral Norte,True
3511,São José dos Campos,350049,São José dos Campos,12,6,14,26,5,19,18,14,8,10,12,11,155,Paraibuna,3535606,RA de São José dos Campos,RM do Vale do Paraiba e Litoral Norte,True
3511,São José dos Campos,350050,Taubaté - Pindamonhangaba,98,108,99,89,166,129,84,90,78,90,107,106,1244,Pindamonhangaba,3538006,RA de São José dos Campos,RM do Vale do Paraiba e Litoral Norte,True
3511,São José dos Campos,350052,Guaratinguetá,3,7,8,5,4,3,3,1,5,4,7,5,55,Piquete,3538501,RA de São José dos Campos,RM do Vale do Paraiba e Litoral Norte,True
3511,São José dos Campos,350052,Guaratinguetá,5,4,3,7,9,15,14,7,6,4,8,12,94,Potim,3540754,RA de São José dos Campos,RM do Vale do Paraiba e Litoral Norte,True
3511,São José dos Campos,350053,Cruzeiro,4,4,5,8,5,8,4,5,3,6,5,4,61,Queluz,3541901,RA de São José dos Campos,RM do Vale do Paraiba e Litoral Norte,True
3511,São José dos Campos,350050,Taubaté - Pindamonhangaba,6,2,6,4,2,1,3,2,6,2,4,2,40,Redenção da Serra,3542305,RA de São José dos Campos,RM do Vale do Paraiba e Litoral Norte,True
3511,São José dos Campos,350052,Guaratinguetá,6,9,7,8,7,10,14,17,8,9,7,16,118,Roseira,3544301,RA de São José dos Campos,RM do Vale do Paraiba e Litoral Norte,True
3511,São José dos Campos,350049,São José dos Campos,14,9,8,11,11,16,6,14,13,22,15,15,154,Santa Branca,3546009,RA de São José dos Campos,RM do Vale do Paraiba e Litoral Norte,True
3511,São José dos Campos,350050,Taubaté - Pindamonhangaba,5,1,3,1,2,4,4,2,5,4,4,8,43,Santo Antônio do Pinhal,3548203,RA de São José dos Campos,RM do Vale do Paraiba e Litoral Norte,True
3511,São José dos Campos,350053,Cruzeiro,1,0,2,3,2,0,3,3,1,1,2,3,21,Silveiras,3552007,RA de São José dos Campos,RM do Vale do Paraiba e Litoral Norte,True
3511,São José dos Campos,350050,Taubaté - Pindamonhangaba,6,5,8,6,6,5,3,6,5,2,5,10,67,São Bento do Sapucaí,3548609,RA de São José dos Campos,RM do Vale do Paraiba e Litoral Norte,True
3511,São José dos Campos,350053,Cruzeiro,2,0,0,0,2,3,4,2,1,0,1,0,15,São José do Barreiro,3549607,RA de São José dos Campos,RM do Vale do Paraiba e Litoral Norte,True
3511,São José dos Campos,350049,São José dos Campos,338,332,383,364,371,446,385,437,443,465,483,522,4969,São José dos Campos,3549904,RA de São José dos Campos,RM do Vale do Paraiba e Litoral Norte,True
3511,São José dos Campos,350050,Taubaté - Pindamonhangaba,9,6,12,3,18,8,10,4,6,5,3,1,85,São Luís do Paraitinga,3550001,RA de São José dos Campos,RM do Vale do Paraiba e Litoral Norte,True
3511,São José dos Campos,350051,Caraguatatuba - Ubatuba - São Sebastião,135,84,67,68,76,70,67,51,73,64,62,75,892,São Sebastião,3550704,RA de São José dos Campos,RM do Vale do Paraiba e Litoral Norte,True
3511,São José dos Campos,350050,Taubaté - Pindamonhangaba,287,150,169,185,193,204,201,200,202,203,257,238,2489,Taubaté,3554102,RA de São José dos Campos,RM do Vale do Paraiba e Litoral Norte,True
3511,São José dos Campos,350050,Taubaté - Pindamonhangaba,17,20,26,15,23,19,16,11,15,16,22,13,213,Tremembé,3554805,RA de São José dos Campos,RM do Vale do Paraiba e Litoral Norte,True
3511,São José dos Campos,350051,Caraguatatuba - Ubatuba - São Sebastião,160,97,96,85,79,77,90,80,112,119,142,158,1295,Ubatuba,3555406,RA de São José dos Campos,RM do Vale do Paraiba e Litoral Norte,True
